"","line","text"
"1",1,"希望联盟执政联邦即将满一年，民政党主席拿督刘华才点评，大马如今的情况是：“油价涨、马币跌、股市泻、外资撤、希盟骗”，而若要我国经济重振，则须撤换财长。"
"2",2,NA
"3",3,NA
"4",4,"财政部长林冠英揭露，此前只有特定人士才能查阅的“红色档案”，除了涉及了一马发展有限公司（1MDB）的不当行为和丑闻外，还有许多不为人知、且对政府造成亏损的不寻常条件合约。"
"5",5,"大马投行认为，政府取消隆新高铁是明智之举，毕竟这项计划的成本大于利益，也预计实际负面影响并不会太显著。"
"6",6,"新加坡总理李显龙今天（5月19日）旋风访马，前往布城会见首相敦马哈迪，双边关系和隆新高铁今后何去何从料将是会谈重点。"
"7",7,"大马土著承包商协会促请希盟政府，保留至少20%的特别固打给土著承包商参与东海岸铁路计划（ECRL）公共工程项目，获得政府正面回应。首相马哈迪今日向土著承包商保证，一定会为土著承包商保留直接谈判工程（negotiated tender..."
"8",8,"敦马哈迪说，这项决定也获得中国理解。"
"9",9,"纳吉今晚在脸书贴文，捍卫前朝政府的隆新高铁课题...."
"10",10,"首相敦马哈迪坦言，基于隆新高铁（HSR）计划已经落实，若希盟政府取消这项计划，就必须支付数目庞大的赔偿金。"
"11",11,NA
"12",12,"柔佛妇女发展及旅游委员会主席廖彩彤表示，关于柔州将取消两项总值超过30亿令吉的大型旅游发展计划一事，一切还未有定案。"
"13",13,"针对首相敦马哈迪宣布取消东海岸铁路计划（ECRL），马华署理总会长拿督斯里魏家祥反问马哈迪，难道第三国产车计划更加重要吗？"
"14",14,NA
"15",15,NA
"16",16,NA
"17",17,NA
"18",18,"新闻报报看 ｜ 敦马透露他目前在为隆新高铁和东海岸铁路工程伤脑筋，因为如果中止隆新高铁计划，我国将给巨额赔偿金。至于东铁方面，工程虽在进行中而不能中止，但敦马却发现东铁合约条款很奇怪……（主播：梁宝仪、...."
"19",19,"针对经济事务部长阿兹敏今日证实东海岸铁路计划已经被取消，而取消的原因则是每年需要偿还5亿令吉的利息，财政部长林冠英说，他对阿兹敏的言论感到惊讶。"
"20",20,"内阁今日议决终止纷扰已久的东海岸铁路计划（ECRL）。"
"21",21,NA
"22",22,"百格晨报|2019年5月27日"
"23",23,"东铁绕过文冬已成定案，行动党文冬区国会议员黄德吁请政府认真看待把东铁省下的一些资金用作废除加叻大道收费站或降低收费，以及提升大道的安全性，使广大文冬和全国人民受惠。"
"24",24,"隆新高铁计划（HSR）峰回路转，首相拿督斯里马哈迪医生今天说，隆新高铁计划不是被取消，而是推迟落实。"
"25",25,"内政部长丹斯里慕尤丁强调，为了避免东海岸铁路（ECRL）课题引发更多的混淆，因此只有相关的部长包括首相和财政部长才能针对课题做出回应。"
"26",26,NA
"27",27,"纳吉在脸书帖文说，东铁计划是由中国进出口银行（Exim Bank of China）提供长达20年的贷款，而目前已经支付给中国交通建设股份有限公司的196亿令吉，也是由该银行直接支付。"
"28",28,"首相敦马哈迪说，基于国债因素，政府决定取消东海岸铁路计划（ECRL），以及沙巴和马六甲的天然气管道计划，而中国政府也理解马来西亚政府的问题，并表示同意。"
"29",29,NA
"30",30,"前任交通部长拿督斯里廖中莱表示，虽然东海岸铁路计划重新启动，但除了绕过文冬，连作为纾解北部货运量的鹅唛和双文丹站也被取消，使到东铁变得没有意义。"
"31",31,"吉打里区州议员雪芙拉表示，东海岸铁路计划位于云顶和文冬的工程项目至今已完成了13至14%，一些森林地区的树木已砍伐，四周一片光秃秃。山坡和土地也已挖掘以进行建造铁路和隧道，如果这些工地停工任由搁置和废弃，恐...."
"32",32,"消息说，随着东海岸衔接铁道计划（ECRL），以及由苏里亚策略能源资源（SSER）的两项输送管计划，即多元石油产品输送管（MPP）计划和沙巴天然气输送管计划（TSGP）暂时停工后，精英顾问团主席敦达因将会先前往中国。"
"33",33,"马来西亚铁路私人有限公司（MRLSB）首席执行员拿督斯里达维斯说，该公司将与中国交通建设股份有限公司（CCCC）组建一家双方各持50%股权的合资公司，若有亏损将由MRLSB与CCCC各自承担一半亏损。"
"34",34,"负责与中方谈判的精英顾问团主席敦达因，将在近日飞往北京，代表大马签署这份新协议。"
"35",35,"文冬国会议员黄德说，从环保角度来看，东铁更改路线绕过文冬，以保留绿化和勿破坏大自然美景是好事，文冬人民无需过于失望。"
"36",36,"“我也很吃惊（首相）敦马哈迪声称，隆新高铁对于大马不会分文回酬的说法。”"
"37",37,NA
"38",38,"负责跟中国谈判的马来西亚东铁计划谈判队消息告诉星洲日报，首相特使敦达因已抵达中国，并将与中方就谈判的细节进行最终的商议。"
"39",39,"他批评马哈迪的作风非常不得体，之后还在中国之行自行宣布取消与中资合作的东海岸铁路与石油输送管计划。"
"40",40,NA
"41",41,"马来西亚与中国达成协议，重启东海岸铁路（ECRL）的建设计划，新的东铁建设成本将减至440亿令吉，首相特使敦达因将于今日于马来西亚驻北京大使馆召开新闻发布会，两国已在今日上午11时正式签署协议，而首相敦马哈迪也将..."
"42",42,"报道引述消息说，大马和新加坡是在“睦邻精神”下，达成这项展延协议。大马表示隆新高铁工程将给为政府带来巨大的财务压力，而新加坡政府了解大马的处境。"
"43",43,"森美兰州政府和朝野议员对重启的东海岸铁路计划新路线途径森州的日叻务及瓜拉格拉旺一事，都乐见其成，并认为这将有助于提升郊外的经济发展，甚至提高乡民收入。"
"44",44,NA
"45",45,"首相敦马哈迪有信心，凭着人民对希盟新政府强而有力的支持，就算需收拾前首相拿督斯里纳吉执政时期留下的1兆3000万令吉国债烂摊子，新政府依然有能力解决。"
"46",46,"首相敦马哈迪宣布取消隆新高铁计划，对各有关方面带来不同层面的影响，新加坡须重新调整裕廊东地区发展计划；大马因违约须赔偿至少5亿令吉给狮城，也让两国失去共同发展机会。竞投高铁项目的中国及日本遭到波及。"
"47",47,"财政部长林冠英解释，政府必须派遣一名资深的官员与中国重新谈判东海岸铁路计划（ECRL），需要全职去处理，因此选敦达因是最佳人选，若选他去负责谈判，那他就没有时间去处理其他部门的事务。"
"48",48,"（雅姆10日讯）东海岸铁路建筑工程开展，雅姆建设了约100单位的员工宿舍，陆续有来自中国的员工迁入。 在蓝顶白墙的宿舍外，有中国交建标志的旗帜飘扬。 记者进入宿舍了解情况，不愿具名中国东铁员工透露，他们从新年....."
"49",49,"马股在内忧外患夹攻下溃跌，全日猛挫56.56点或3.19%，至1719.28点的5个半月新低。"
"50",50,"自1998年开始担任大马奥理会会长职的东姑英南，此前向新加坡奥理会献议，两国合作申办奥运会的可能性。"
"51",51,"（吉隆坡15日讯）大马在重新谈判与中国合作的东海岸铁路计划成果显著，因为它避免了大马掉进斯里兰卡已经陷入的债务陷阱。 经济学教授帕诺斯在《福布斯》杂志舆论栏目写道，新协议是首相敦马哈迪医生的一大胜利。 他....."
"52",52,"广大人民期待已久的东海岸铁路计划将会复工，可是却绕过文冬，没有在文冬和文德甲停留，两地人坐火车到吉隆坡避开塞车的梦想破碎，地方上经济发展也受到影响。"
"53",53,"新闻报报看 | 今天下午4点，前首相纳吉在面子书刊登一封据称由财政部长林冠英签名的公函，证实已经取消东铁计划。纳吉奉劝林财长等等的希盟部长，不要再转弯抹角，如果东铁计划已经正式取消，就承认吧。（主播：梁宝....."
"54",54,NA
"55",55,"（吉隆坡29日讯）财政部长林冠英说，他今早已经与首相敦马哈迪会面时，首相劝告他目前暂时不要作出关于东海岸铁路计划（ECRL）的任何宣布。"
"56",56,"像其他国人一样，我对敦马哈迪医生接受《金融时报》访谈感到欣慰。 马哈迪医生在周一（5月28日）受访时说，国家财政状况是政府优先关注的。 “我们必须停止一些没必要的项目，例如耗资1110亿令吉（370亿新币）的隆新高铁..."
"57",57,"经济事务部长拿督斯里阿兹敏说，政府是因国家需偿还高贷款利息而决定取消东海岸铁路计划（ECRL）。"
"58",58,"首相敦马哈迪在访华行程中取消了三项大型计划，包括东海岸铁路计划，据报道，本地及中国员工面临裁员。"
"59",59,"东铁将驶入日叻务，发展潜能无限！拥有了交通便利，真纳州议员陆兆福有意把日叻务打造成为农业工业园，制造更多的商机和工作机会，让当地的小园主和游子能从中受惠。"
"60",60,NA
"61",61,"“没有巴士站，连唯一的银行也关闭了！”知知港急需“新元素”来带动当地发展，而如今东铁已确定将进入日叻务，让当地民众有了期盼。"
"62",62,NA
"63",63,"新闻报报看 | 大马政府要求东铁建造成本从810亿降低到400亿，结果跟中国交通建设公司谈不拢，只好终止合约。目前政府正在寻找新的承包商。（主播：梁宝仪、王钶媃）"
"64",64,"（吉隆坡21日讯）针对获选与中国谈判东海岸铁路计划的马方代表是政府顾问理事会主席敦达因，而非财政部长，财长林冠英今日回应说，这是一项需全职处理的工作，敦达因是最佳人选。 林冠英说：“我们应感谢（前财长）敦..."
"65",65,NA
"66",66,NA
"67",67,"（吉隆坡17日讯）政府顾问理事会成员之一佐摩教授今日指东海岸铁道计划（东铁），不切实际。 这条铁路被指是中国一带一路的重要项目，连接东海岸三州至西海岸雪州。 他指有关投资项目将会导致我国必须面对投资风险，....."
"68",68,"（哥打峇鲁7日讯）东海岸铁路工程喊停，间接导致吉兰丹燕窝商每月损失上万令吉的生意额！ 根据了解，吉兰丹的东铁工程，约有近百名的中国籍员工，在去年12月开始，中国籍员工进驻吉兰丹的东铁工程营地后，每名员工平....."
"69",69,NA
"70",70,NA
"71",71,NA
"72",72,"槟州首席部长林冠英指出，他已出示证据证明槟州政府于2013年签署的“两岸三通，一个槟城”计划合约有印花，他问马华署理总会长拿督斯里魏家祥，是否愿意为其错误公开道歉或撤回言论？"
"73",73,"达因此行是与中国政府洽谈被政府指示暂停的东海岸铁路计划，并期待两国可找到双赢方案。"
"74",74,"马华总会长拿督斯里魏家祥惊叹森美兰州坐落在半岛西海岸竟也被列入东海岸州属。"
"75",75,"为什么负责与中国针对东海岸铁道计划（ECRL）进行协商的不是财政部长林冠英？首相敦马哈迪解释，这是因为大马政府必须选择一名中国能接受的人选。"
"76",76,"“问世间，是否此山最高？或者，另有高处比天高？……” 我国与邻邦新加坡的建国发展与历史进程，与两国领导人敦马哈迪和李光耀及李显龙的互动息息相关。老马与李氏父子交手过招的“恩怨情仇”，令我想起上述1983年版...."
"77",77,"（文冬13日讯）民主行动党文冬国会议员黄德指东海岸铁路是以货运为主，因此实际上不会对向来缺乏工业基础的文冬带来任何经济效益，而在环保方面而言，没有东铁，对文冬反而是好事。 他建议政府把东铁计划所省下的215亿..."
"78",78,"交通部长陆兆福指出，东铁路线将会经过他的森州真纳州选区，包括知知港、新邦榴梿等，但这项重启计划的路线并非由他谈来，而是洽谈方觉得路线合理才会谈成。"
"79",79,"新闻报报看 | 根据华尔街日报最新的长篇调查报道，中国与前朝国阵政府有过秘密协议，中国尝试协助1MDB舒缓债务，而大马则把东铁和沙巴天然气输送管工程项目，颁发给中资企业。同时，东铁造价过高，是为了帮1MDB还债。（...."
"80",80,"财长林冠英揭露只有特定人士才能查阅的“红色文件”，除了涉及一马发展公司的丑闻外，另一个或许是数百亿令吉的东海岸铁路计划工程，甚至还有许多不为人知...  "
"81",81,"马来西亚与中国重启东海岸铁路（ECRL）计划的谈判已近乎拍板，新的东铁计划造价预计将介于390亿至460亿令吉之间。"
"82",82,"新闻报报看｜就在即将启程到中国进行访问之际，首相马哈迪今天在接受美联社专访时提到，我国不需要东海岸铁路计划以及沙巴油气输送管工程，成本太高了我国负担不起，除非能够降价，否则必须砍掉。（主播：颜江瀚、蔡..."
"83",83,NA
"84",84,"林冠英：丹州政府连公务员薪水都付不起了，要怎样接手东铁计划？

Astro AEC 八点最热报 / 梁宝仪 Boey Leong"
"85",85,"就中国主席习近平来说，他在2013年9月和10月分别在吉尔吉斯坦共和国及印尼提出前所未有的振兴“丝绸之路经济带和廿一世纪海上丝绸之路”，是一个以史鉴今的构思；继后，整个构想就被简称为“一带一路”了。 他是继胡锦...."
"86",86,NA
"87",87,"首相敦马哈迪今日说，内阁将会讨论东海岸铁路计划（ECRL）和原承包商中国交通建设公司终止合约事项。"
"88",88,NA
"89",89,"城市土地运用兼交通规划专家吴木炎认为，大马半岛南部已有相当完善的基础发展设施，因此计划重启建设的东海岸铁路（ECRL）若要选择绕道，更应选择“北绕”而非“南绕”。"
"90",90,"（马尼拉7日讯）首相敦马哈迪医生坚持，原先提出的东海岸铁路计划并没有带来良好的经济效益。 他在马尼拉时接受《南华早报》专访时指出，东铁服务区域人口不多、业务集中度较低，即使全面使用也无利可图。 他说，东铁..."
"91",91,"新闻报报看 | 东铁计划悬而未决，首相敦马今天意有所指说，违约赔偿金肯定比建东铁的1千亿令吉来的少，要是执意建东铁，我国人民将扛巨债30年，让国家负债累累。（主播：梁宝仪、庄文杰）"
"92",92,"二度任相的敦马哈迪医生于本月24日至28日第二度访问中国，并参加在北京举办的“一带一路”国际合作论坛，还与中国领导举办双边会谈。 在启程前，政府宣布恢复东铁项目及重启大马城计划，向中方释放善意，为访华行程作...."
"93",93,"首相敦马哈迪宣布取消隆新高铁计划后，朝政府还有哪些大型工程将受到影响？  "
"94",94,NA
"95",95,"新闻报报看 | 英文《星报》今天引述业内消息说，东铁计划的总承建商中国交建，已经根据希盟政府的要求，做出很多的让步，甚至同意分担完工后的东铁营运成本。这也显示了，中国交建非常慎重看待东铁的命运，希望最终可..."
"96",96,"（吉隆坡14日讯）希盟执政将会检讨部分大型基建项目，分析员认为，东海岸铁路项目被腰斩的风险最大。 安联星展研究分析员认为，希盟政府在竞选宣言里指出，将审查所有授予外企的大型项目，因此，料会出现项目展延、重..."
"97",97,NA
"98",98,"造价550亿令吉的东海岸铁路计划，宣布取消后，如今这项计划可能重见曙光......"
"99",99,"新闻报报看｜敦马访华后正式宣布，取消中资投资的东铁和输油管建设，他还痛斥前朝政府怎么会笨到签了不平等合约，害希盟政府得承担巨额的违约赔偿，我国史上没做过这么蠢的事！（主播：庄文杰、蔡心惠）"
"100",100,"首相敦马哈迪指出 ，我国尚未通知新加坡取消隆新高铁（HSR）的最终决定，并会在适当的时候这么做。"
"101",101,"首相特使敦达因说，东海岸铁路铁路（ECRL）不是白象计划，因为涉及70%的货运，以及30%乘客，因此将为人民提供更多就业机会。"
"102",102,"（文冬16日讯）东海岸铁路（ECRL）复工但却取消文冬路段以换取较低的建造成本，文冬华人大会堂决定发动华团与各族人民签名要求首相敦马哈迪重新检讨把文冬路段和文冬站列入东铁路线。 大会堂主席拿督斯里罗龙年指出，....."
"103",103,"（芙蓉6日讯）东海岸铁路项目的路线证实改变，并将惠及森美兰州，如果在本月杪与中国政府谈判后继续进行该项目。 交通部长陆兆福证实此事时说，有关决定预料将在首相敦马哈迪医生访问中国时，在商讨减少该大型项目的...."
"104",104,NA
"105",105,"他在北京接受《财新网》专访时，针对马来西亚与中方是否已经对双方都特别关切的一些议题，达成了一定程度的共识，例如东海岸铁路项目与沙巴的天然气管道项目的问题时说，维护马中关系有其目的，但大马需要重新整理（..."
"106",106,"（吉隆坡14日讯）铁路工程专家说，若东海岸铁路计划（ECRL）依旧保持原有路线，该成本不可能削减251亿令吉，因光是隧道工程，就预料耗资至少80亿令吉或以上。 博大土木工程系副教授罗德华（译音）昨日接受《新海峡时报星..."
"107",107,"关于东铁，希盟政府的态度是：a.计划已经取消，不建了；b.我们还在考虑；c.我们要建，但不是现在；d.我们可以建，也可以不建，看情况而定。"
"108",108,"(晏斗5日讯)财政部长林冠英暗示，东铁的建筑价格可进一步降低100亿令吉至360亿令吉，并且会重新调整路线，将涵盖森美兰。 他说，前财政部长敦达因已向东铁承包商进行洽谈，对方献意再降低至100亿令吉以上。 他表示，东铁...."
"109",109,"首相敦马哈迪透露，有财团向政府献议，能用低至100亿令吉的成本来兴建东海岸铁路计划。"
"110",110,"马来西亚和新加坡同意把隆新高铁双边项目延后两年，而马来西亚须在2019年1月尾之前，支付1500万新元（约4500万令吉）展延费给新加坡政府。"
"111",111,"Pocketimes | 百格"
"112",112,"（文冬23日讯）行动党文冬区国会议员黄德将向通讯与多媒体部争取把文冬列入农产品电商平台中心，以便把文冬的农产品广销世界和促进农产品下游工业，创造就业机会及增加小园主收入。 他说，目前金马仑县的双溪哥央是彭..."
"113",113,NA
"114",114,"（吉隆坡28日讯）首相敦马哈迪医生针对东海岸铁路计划的土著固打指出，政府目前还没决定固打的比率。 他指出，让土著获得特别待遇的旧系统将获得保留，包括通过直接谈判的方式分配工程。 大马土著承包商协会名誉主席....."
"115",115,"新闻报报看 | 针对纳吉抨击东铁的新协议，首相特使敦达因表示，东铁是纳吉本身推动的计划，如今计划不只是获得延续，还大大砍了成本，都不明白纳吉有什么好不满的。（主播：颜江瀚、王钶媃）"
"116",116,"（布城9日讯）财政部长政治秘书潘俭伟强调，有关大马政府在暂停东海岸铁路计划（ECRL）及中止沙巴天然气输送管项目后而导致中资不再来马投资的说法，是一项非常错误的感观和判断。 “这些都是国阵在攻击我们的方式，很..."
"117",117,"新闻报报看 | 敦马说，有本地公司献议100亿建东铁，超过还有得商量，550亿就面谈！虽然这是一项不接受就不明智的交易，但还是得研究为何开价这么便宜。（主播：颜江瀚、蔡心惠）"
"118",118,NA
"119",119,"（吉隆坡21日讯）东海岸铁路计划（ECRL）员工中，有70%为本地人，随着这计划于7月3日停工，约有上千名大马员工被辞退，生计受严重影响。 上述工程主要承包商中国交通建设股份有限公司（CCCC）总共聘请2300名员工，有30%为外...."
"120",120,"针对马来西亚与新加坡本月内将就隆新高铁计划展开双边会谈的消息，新加坡交通部指新马之间并未安排任何会谈。"
"121",121,"分析员预期东铁合约将在短期内颁发，加上其他潜在大型基建发展计划如隆新高铁（HSR）及捷运三线（MRT3）有望重启，将有助刺激本地建筑业情绪转佳，成为建筑股重估的主要“催化剂”。"
"122",122,"新闻报报看 | 在政府宣布暂停东铁计划后，中国承包商已经开始裁员。有一半的本地员工被解雇，而离乡背井的中国籍员工也逃不出被裁命运，18%至20%的中国籍员工，被通知需要离开我国。（主播：庄文杰、蔡心惠）"
"123",123,"精英顾问团主席敦达因指责前首相拿督斯里纳吉当初一意孤行，派人与中国直接谈判东海岸铁路计划的协议，结果签下极不利国家的东铁协议。"
"124",124,"新闻报报看 | 有本地公司献议100亿令吉就可建东铁，前首相纳吉今天炮轰根本不可能！纳吉甚至抨击，希盟上台前说建东铁最多300亿，但那是7年前的估价呀拜托！（主播：颜江瀚、梁宝仪）"
"125",125,"（文冬4日讯）新一年，新希望？部分员工被召回，东海岸铁路计划将在短期内复工？ 该计划的主要承包商中国交建，文冬及文德甲办事处已经重新召回主要办事处职员。 消息说，职员所收到讯息是，该工程会在短期内动工。 ....."
"126",126,"前首相拿督斯里纳吉又再发挥揶揄本色，他促请希盟部长承认已经取消东海岸铁路计划，不要再发表互相矛盾的言论，而且揶揄道：难道取消的是香港东海岸铁路计划？"
"127",127,"中交副总裁孙子宇在中交总部向马来西亚媒体说，“我们仍对项目有信心。目前后续安排正在磋商中，但一旦取消，我们将依据合同和法律保护承包商的合法权益。”"
"128",128,"|POCKETIMES.MY"
"129",129,"艾芬黄氏研究相信这为齐头并进的隆新高铁计划吹响了前哨，并看好这项铁路计划重启将重塑大马产业市场版图，并为低迷已久的产业市场注入生机，其中商业发展、工业发展、旅游发展和居民外迁将是4大主题所在。"
"130",130,"（吉隆坡28日）财政部长林冠英早在1月18日已发公函，说明政府已决定停止东海岸铁路计划，而且立即生效？ 前首相拿督斯里纳吉今午约4时，在面子书转载一封据称由林冠英签名，志期今年1月18日的公函，公函主题是“取消东....."
"131",131,"（文冬22日讯）首相敦马哈迪医生宣布终止东海岸铁路计划，东铁员工大表震惊。 他们说，这条长688公里铁路计划，虽经于一年前启动，但一些工地仍未实质动工。 他们指出，马哈迪的宣布，让他们感到茫然。 据《星报》报道...."
"132",132,"新闻报报看 | 首相马哈迪指东海岸铁路计划成本太高，前首相纳吉反驳说，如果以占GDP的比例来看，马哈迪当年建设KLIA的费用更高，怎么不见当年马哈迪说太贵呢？（主播：颜江瀚、蔡心惠）"
"133",133,"（布城27日讯）针对大马土著承包商协会要求政府，将东海岸铁路计划给予本地承包商的40%工程参与份额的半数保留给土著承包商，首相敦马哈迪医生指政府还未就此事作出定夺。 “我们已决定本地承包商将参与工程，但针对此..."
"134",134,"新闻报报看 | 根据《星洲日报》独家报导，马中统一重启东铁计划，但规模将缩小，造价也会减少，同时重新规路线。（蔡心惠、王钶媃）"
"135",135,"针对新加坡呼吁大马尽快阐明对隆新高铁计划的立场，马哈迪表示无法轻易作出决定，坦诚仍未给予邻国正式完整通知（full notice），但强调新加坡知道大马要做什么。"
"136",136,"（香港14日讯）财政部长林冠英坦言，中国的谈判代表非常专业，令大马在东海岸铁路工程的谈判上面对棘手问题。 他直言，全长688公里、造价200亿美元（约823.2亿令吉）的东铁，谈判的最大难题在于其价格。 他昨日出席里昂证..."
"137",137,"交通部长陆兆福说，有鉴于大马宏愿谷（MVV）计划涵盖汝来，或许在靠近汝来地带可以设立一个东铁站。"
"138",138,"（吉隆坡12日讯）马来西亚-中国总商会（简称马中总商会）总会长陈友信今天表示，新任首相敦马哈迪医生公开宣布支持中国一带一路倡议的鲜明立场，有助于重申新政府的亲商国策及继续强化马中友好关系。 马中总商会发表....."
"139",139,"509希盟执政后，国家债务一涨再涨。国债的情况在今年首3个月进一步恶化，从国家银行的数据可见，希盟政府不断向债券市场借贷。加上武士债券的73亿令吉，国债至今已从2017年国阵时期的6868亿令吉，暴增至7688亿令吉，整整增..."
"140",140,"（吉隆坡17日讯）东海岸铁路（ECRL，简称东铁）下周四（25日）重新推介，分析员估计，属于本地承包商的土木工程合约价值，料介于90亿至110亿令吉。目..."
"141",141,NA
"142",142,"新闻报报看 | 对于政府宣布取消东铁计划，彭亨和吉兰丹州政府纷纷呼吁政府三思，切勿仓促取消东铁计划，因为彭亨州的建造工程已经如火如荼地进行着，临时喊停政府需因此付高额赔偿金。（主播：颜江瀚、蔡心惠）"
"143",143,"东海岸铁路（ECRL）工程即将于下周正式复工，国内建筑商正摩拳擦掌竞标其中260亿令吉土木工程，加上槟城交通大蓝图计划（PTMP）料第三季签字，大马城重启将成为隆新高铁计划恢复（斥资约700亿令吉）之序曲，砂州也将推出3..."
"144",144,"新闻报报看 | 东铁计划谈判将近一年仍没结果，首相敦马在国会被提问时揭露，建造东铁需要贷款600亿令吉，要是加上摊还30年的利息，东铁的总造价恐怕会飙破1300亿！（主播：颜江瀚、庄文杰）"
"145",145,"（哥打峇鲁23日讯）本报探悉，尽管希望联盟新政府将检讨前朝政府已批准的大型基建计划，包括东海岸铁路计划，不过东铁工程目前仍如常进行。 根据消息来源指出，东铁工程涉及经费庞大，尤其是中国交通建设股份有限公司..."
"146",146,"希盟领袖及其支持者过去以来为了配合反中资的论调，不断“妖魔化”前朝国阵的东海岸铁路（ECRL）计划。其中最洗脑的，莫过于指控东铁每公里造价7990万令吉，造价太高，还贵过中国史上难度最高的万宜铁路、青藏铁路等等...."
"147",147,"（新加坡2日讯）曾经掌位22年的马来西亚前首相敦马哈迪医生，不否认如果在本届全国选举中取得胜利再次入主首相署，他将坚守之前对新加坡抱持的外交立场，同时全面检讨协议和合作计划，当中包括隆新高铁计划，甚至重新..."
"148",148,"（布城1日讯）针对东海岸铁路计划，马哈迪指若中国同意，大马政府可能以缩小东铁项目规模的方式，继续推动该工程。他透露，大马与中国政府仍在谈判东铁项目，至今仍未找到良好解决方案，但双方并无设下谈判期限。 “...."
"149",149,"（吉隆坡30日讯）政府顾问理事会成员及著名经济学家佐摩认为，东海岸铁路计划不会给国家带来利益，此项计划可能是为了让一些人赚钱致富，及掩饰一个马来西亚发展有限公司（1MDB）的问题。 他说，他早在去年举行大选前....."
"150",150,"根据泰国《世界日报》日前的报道，泰国旅游部长育塔萨向购买房产的外国人推介“精英卡”，以让在泰国置业的外国人持有居留长达20年的签证。经营“精英卡”业务的TPC公司的2018财政年度业绩显示，今年新会员最多的注册人..."
"151",151,"（文冬13日讯）交通部前部长兼文冬前国会议员拿督斯里廖中莱形容，文冬作为东海岸的门槛，东海岸铁路重启后的路线竟把文冬排除在外，对整个东铁毫无意义，对文冬人民非常不公平。 他说，取消文冬与鹅唛站，将使泰南、..."
"152",152,"首相敦马哈迪医生日前暗示有本地公司献议以100亿令吉来兴建原本造价550亿令吉的东海岸铁道计划（ECRL），让市场哗然。 事关建筑工程，我体内的工程师血液蠢蠢欲动，于是去互联网上找找资料，看是否有可能。一查下去，才...."
"153",153,"首相敦马哈迪说，取消东海岸铁路计划（ECRL）计划带来的财务冲击太大，政府最终将会以更符合我国利益的规模，继续进行ECRL计划。"
"154",154,"（吉隆坡31日讯）在东海岸铁路计划几乎终止的情况下，中国向马来西亚献议，以削减一半成本的方式继续该计划。 据一家外媒报道，中国献议以200亿美元（约800亿令吉）完成东海岸铁路计划，这比计划的原成本削减50%，以确保..."
"155",155,"（北京21日讯）中国外交部发言人陆慷今日说，任何国家之间的合作，难免出现问题，但中马双方对此访成果均表满意。 陆慷下午回应记者提问时，指出中马经贸合作一直保持积极发展势头；对于中马合作间的问题，应从友好的..."
"156",156,NA
"157",157,"新闻报报看｜财政部下令东海岸铁路计划的承包商全面停工，但是事情并非没有转机。财政部长林冠英、交通部长陆兆福，以及元老理事会的一些成员，将在月底到中国针对工程造价重新谈判。（主播：颜江瀚、蔡心惠）"
"158",158,"（槟城23日讯）槟州首席部长林冠英表示，大马反贪委员会在调查槟城海底隧道工程计划一事上持有双重标准，并促请反贪会保持诚信，否则会被视为滥权及存有政治意图。林冠英是针对反贪会副首席专员（行动）拿督斯里阿占...."
"159",159,"| Pocketimes"
"160",160,NA
"161",161,"为什么负责与中国针对东海岸铁路计划（ECRL）进行协商的，不是财政部长林冠英，而是敦达因？相信是许多人都存有疑问。目前首相敦马哈迪就在国会回答指，政府不选择林冠英，而选择元老理事会前主席敦达因全权负责东铁....."
"162",162,"新闻报报看 | 根据《中国报》报道，东铁承包商中国交建在2个星期前，重新召回主要办事处的职员办公。据了解，公司已经向职员传达讯息，指东铁工程将在短期内恢复。（主播：颜江瀚、庄文杰）"
"163",163,"（北京12日讯）重新启动后的东海岸铁路，全程轨道将减少40公里，路线将取消鹅麦站，每公里造价也从原本的9800万令吉削减至6800万令吉。 代表大马前往中国完成东海岸铁路项目谈判的政府顾问理事会主席敦达因说，重启的东....."
"164",164,"想问一问 Tony Pua, 是这样子算吗 ？？

东铁如今：
1）短了40km （省了大约80亿）
2）改了第二阶段（省了大约90亿）
3）第三阶段没了 （省了大约105亿）

所以价格应该是 655-80-90-105 = 380亿

应该不是440亿吧！

#TonyPua不是曾说少过300亿？"
"165",165,"财经Espresso | 2019年4月15日"
"166",166,"百格大事纪 | 2019年 4月 12日"
"167",167,"（布城23日讯）前往中国访问的首相敦马哈迪医生除了向中国提出取消东海岸铁路计划（ECRL）及苏利亚策略能源有限公司（SSER）执行的两项油气工程外，也要求中国政府拆除在关丹马中产业园（MCKIP）正兴建环绕着该产业园的“..."
"168",168,"（吉隆坡30日讯）政府顾问理事会主席敦达因说，目前有1200家土著公司已向政府注册，以成为东海岸铁路计划（ECRL）兴建工程的承包商。 “有很多公司都符合条件，一些曾经参与捷运工程、轻快铁工程及外国的工程，具有承建...."
"169",169,"被航空界形容为“杀手”，全长350公里的吉隆坡—新加坡高铁计划，在首相敦马哈迪医生以“国债严重”为由“被终结”，引起马新双方极大回响。 民众对这项突而其来的宣布，有的措手不及，有支持和大赞的掌声，当然也有....."
"170",170,"（八打灵再也29日讯）自首相敦马哈迪医生宣布取消隆新高铁计划后，大马与新加坡的民众可说褒贬参半，前者希望政府提升现有铁路的效率，后者则希望隆新高铁往后能再次启动，以及最好能衔接至槟城。 根据网民在《南洋商..."
"171",171,"新闻报报看 | 经济部长阿兹敏表示，内阁决定终止东铁计划，但财政部站林冠英却说，对阿兹敏的宣布感到震惊，可能阿兹敏不懂首相敦马已经有决定了......（主播：蔡心惠、王钶媃）"
"172",172,"希盟政府上台，隆新高铁项目终于被砍了！ 首相敦马哈迪医生在记者会上说：“隆新高铁只是短程的建设，整个车程只有一个多小时。这个计划对大马没好处，我们必须支付庞大（1110亿令吉）的费用，而这个计划无法带来回酬...."
"173",173,"新闻报报看 | 前首相纳吉否认利用颁布东铁和石油输送管工程给中国，来换取中国为他摆平一马公司丑闻。通缉犯刘特佐帮腔说，《华尔街日报》报道只能信一半，背后肯定是马哈迪在进行政治操弄！（主播：庄文杰、蔡心惠）"
"174",174,"（吉隆坡21日讯）马华署理总会长拿督斯里魏家祥博士说，我国取消东海岸铁路计划，对大马与中国今后的双边关系发展不利。 他说，这是因为，东铁项目涉及中国一带一路倡议。 他指出，东铁项目所带来的利益，不应只单从....."
"175",175,"（纽约13日讯）在中方削减约三分之一的项目造价后，马来西亚星期五同意重启此前叫停的东海岸铁路项目。美国专家和学者指出，因为大马具备谈判的条件，使到中国必须作出重大让步。 美国华盛顿智库传统基金会亚洲研究中..."
"176",176,"新闻报报看 | 首相敦马公布东铁签约协议时说，马中将设立合资公司共同建设东铁，若有亏损共同承担，若有盈利我国最高可分80%，甚至中交建还得参与东铁后续的维护及营运。（主播：颜江瀚、庄文杰）"
"177",177,"（北京21日讯）首相敦马哈迪医生今日宣布大马决定取消东海岸铁路计划（ECRL）及苏利亚策略能源有限公司（SSER）执行的两项油气工程，中国政府也能理解大马这项决定。 马哈迪结束中华行后，今日召开记者会向大马媒体这么...."
"178",178,"难道东铁计划真的要变“冻铁计划”了？

Astro AEC 八点最热报 /Hui Mei 萧慧敏"
"179",179,"新闻报报看 | 纠结了一段时间的隆新高铁计划，终于有个定案，马新两国同意，计划延迟到2020年再落实，预计2031年完工。然而前提是，马来西亚必须先赔偿4500万的延迟费用。（主播：颜江瀚、蔡心惠）"
"180",180,"询及新加坡交通部尚未接收大马政府提出会谈的要求时，他表示，新加坡交通部曾提出于7月31日之前会面，但当时其行程被国会会议及一些国内课题所占据，所以他反而提出在今年8月会面的建议，后来日期也就定了下来。"
"181",181,NA
"182",182,NA
"183",183,"（关丹22日讯）东海岸铁路计划（ECRL）宣布终止，参与计划的本地承包商感到愕然，无不期望尽快拿回血汗钱，在短期内依据合约获赔偿。 如今，负责承建的中国交通建设股份有限公司（中交，CCCC）的物资部已重新接管工地上...."
"184",184,NA
"185",185,"新加坡已要求马来西亚政府通过外交管道，在本月31日之前通过书面澄清大马对高铁计划的立场，如果大马准备与新方会面洽谈高铁计划，也应在这之前这么做。"
"186",186,"前财长兼精英顾问团主席敦达因称，在逃的一马发展公司（1MDB）弊案关键人物刘特佐曾向他献议，在我国与中国就东海岸铁路计划（ECRL）的谈判中给予协助。"
"187",187,"东铁取消这一步棋还没走到拍案决定？首相敦马哈迪透露，他访华时已表达我国立场和原则，而撤销计划才开始......"
"188",188,"新闻报报看｜前首相纳吉表示，前朝政府计算的隆新高铁成本为700多亿，怎么希盟政府说成是1100亿了？经济部长阿兹敏表示，那是因为当中还有很多隐藏费用，被前朝政府掩盖起来。（主播：颜江瀚、梁宝仪）"
"189",189,"（吉隆坡14日讯）随着希盟取得执政权后，今天首日开市有人欢喜有人愁，建筑及前朝政治相关股遭受严重卖压而大跌，其中更有5只股触及跌停板水平，但消费股和出口股却受到投资者追捧，带动股价纷纷攀升。 我国大选结果....."
"190",190,"希盟政府执政后经常以国家没钱为理由，大肆砍掉或搁置前朝政府策划的大型计划如东铁、马新高铁等，美其名是要“省钱”，减少国债。但日前新鲜出炉的国行官方数据却打脸显示：我国的国债不但没有减少，反而比前朝国阵..."
"191",191,"|POCKETIMES.MY"
"192",192,"（吉隆坡30日讯） 纳吉解释，隆新高铁是一项长期项目，除了在经济效益带来影响，还包括交通流量的增长，这项投资实际上能在（建成后）未来10年收回成本。 他强调，这些基础设施项目，在经济增长方面给国家带来好处；政..."
"193",193,"（布城13日讯）即将在本月17至21日访问中国的首相敦马哈迪医生指出，马来西亚其实并不需要东海岸铁路计划（ECRL）及苏利亚策略能源有限公司（SSER）执行的两项油气工程，因此如果可行的话，政府将选择废除有关计划。 他指..."
"194",194,"（吉隆坡19日讯）继东海岸铁路之后，首相敦马哈迪医生今日宣布重启马来西亚城计划，但复工后的大马城将重新规划，容纳造惠国人的建设。 由马中财团组成的依海中铁财团，重新获得这项计划。 马哈迪说，政府已改变之前....."
"195",195,"（布城30日讯）花千亿只制造10万个就业机会，这可称为“高效”？ 首相敦马哈迪医生回呛前首相拿督斯里纳吉，指隆新高铁项目耗资巨额只为了10万个工作机会并不高效，并重申将废除隆新高铁项目的立场。 他周三晚在布城国...."
"196",196,"（吉隆坡26日讯）根据“透视大马”报道，经济事务部长阿兹敏指东海岸铁路计划已经被取消，而取消的原因则是每年需要偿还5亿令吉的利息。 阿兹敏说，在考虑到国家每年需要承担高昂的利息后，内阁已经决定中止东海岸铁....."
"197",197,"第14届国会下议院第二季第一次会议于3月11日开幕，马华总会长兼亚依淡国会议员魏家祥在本次会议将提出8项动议，分别质询首相、财政部长和教育部长，质询范畴包括废除死刑、东铁计划、承认统考、第三国产车、10+6华小计....."
"198",198,"（北京21日讯）首相敦马哈迪医生今日宣布，大马决定取消东海岸铁路计划（ECRL）及苏利亚策略能源有限公司（SSER）执行的两项油气工程，中国政府也能理解大马这项决定。 马哈迪结束中华行后，今日召开记者会向大马媒体说...."
"199",199,NA
"200",200,"（吉隆坡29日讯）马华总会长拿督斯里魏家祥博士说，喊停东海岸铁路计划的赔偿金可能高达200亿令吉，这不仅需付出金钱代价，也将直接冲击大马的国际信誉及形象，影响其他国家对我国的信任，因此政府受促三思。 他在面子..."
"201",201,"（布城29日讯）首相敦马哈迪医生说，如果政府继续推展东海岸铁路计划（ECRL），大马未来30年将负担巨额债务。 他说，推行东铁计划的成本可能需要逾1000亿令吉，对政府来说负担非常沉重，但是赔偿的金额要比这个金额低。 ...."
"202",202,"（北海5日讯）首相拿督斯里纳吉指出，希望联盟表明执政中央后审查中资，包括恫言取消中国投资的东海岸铁路计划，将导致马中两国关系交恶，不仅将导致国内60万名小园主失业，槟城国际机场也将因中国游客不来而无需扩建..."
"203",203,"（槟城5日讯）“东海岸铁路计划的进展是由首相宣布，你问我10次，我10次都是跟你（媒体）说，无法回应。” 财政部长林冠英指出，东铁计划目前仍在谈判中，他本身不会评论这计划，直至一切拍案，且是由首相宣布。 他说....."
"204",204,"（吉隆坡13日讯）东海岸铁路计划复工在望，但更改路线的做法使到东铁充满未知数及不确定因素，而东铁取消鹅麦站，改道至森美兰，这改变被认为比原有计划更具风险及挑战性，专家担心若处理不当，东铁可能沦为白象计划...."
"205",205,"我想请问文冬的朋友，

你们希望东铁穿过文冬，设站，带动经济，方便交通，

还是为了节约成本而让东铁绕过文冬？

身为文冬前任国会议员，我想知道我在当国会议员期间，希望东铁在文冬设站的想法是否有误

A 希望东铁在文冬设站

B 希望东铁绕道文冬

谢谢

Kepada penduduk-penduduk di Bentong ,

Adakah kamu berharap agar ECRL untuk melalui bandar Bentong , untuk mengembangkan ekonomi tempatan dan infrastruktur ,

Ataupun berhasrat agar ECRL tidak melalui Bentong demi menjimatkan kos? 

A ECRL harus melalui Bentong
B ECRL harus mengelakkan Bentong"
"206",206,"（吉隆坡20日讯）随着外交部长拿督赛夫丁透露东海岸铁路计划（ECRL）重见曙光，身为我国谈判领导人的政府顾问理事会主席敦达因证实，一个由中国政府高官组成的谈判团队，近日内将前来我国谈商此事。 达因接受《南洋商....."
"207",207,"几经波折的ECRL连续剧，结局竟然是不用赔，还让中国少赚2百多亿，退还 31亿，营运成本对分，但盈利大马拿八成！马哈迪和敦达因到底是怎么谈成的？"
"208",208,"新闻报报看 | 政府顾问也是东铁谈判主导人敦达因表示，东铁车票恐怕最贵会去到500令吉，所以政府将会给予登州人民津贴，否则干脆搭飞机来吉隆坡更划算。（主播：颜江瀚、庄文杰）"
"209",209,"新闻报报看 | 元老理事会主席敦达因今天与中国外交部长王毅会面，商讨东海岸铁路计划课题。外界普遍认为，达因此趟去中国，是为首相马哈迪下月访中进行铺垫。（主播：颜江瀚、梁宝仪）"
"210",210,NA
"211",211,"新时代马中关系（第四篇） 大工程该不该停，始终只有官方说词和莫衷一是的民间议论，“不平等条约”究竟有多不平等？ 这是涉及两国政府所签署的合约，并非一般的私人商企交易，签约双方一日没达致协议，承接和参与项...."
"212",212,"日前出席晏斗补选助选的财政部长林冠英暗示，东铁或会改道，而且森美兰将有“大好消息”，并指东海岸铁路工程的重新谈判接近尾声之际，将给森州人民带来“振奋人心”的好消息。 但与此同时，希盟政府也送给彭亨州人....."
"213",213,"早前宣布取消隆新高铁计划后，首相敦马哈迪接受《彭博社电视》专访时坦言，必须重新检讨1962年签订的马新水供，并认为“太昂贵”  "
"214",214,"（布城6日讯）马哈迪重申，有鉴于政府东海岸铁路计划（ECRL）过于昂贵，政府可能考虑取消该项计划。 “政府刻在探讨如何针对ECRL展开重新谈判，若谈判失败，相关计划可能取消。” 他表示，对我国而言，ECRL过于昂贵，而且..."
"215",215,"（吉隆坡26日讯）首相敦马哈迪医生甫上任就大刀阔斧，准备为隆新高铁及东海岸铁路这“两铁”做取舍。 希盟政府将探讨在兴建隆新高铁课题上，一旦政府毁约，是否可以削减赔偿率；有鉴于东海岸铁路（ECRL）已在施工，政....."
"216",216,"|POCKETIMES.MY"
"217",217,"他说，2018年大选，国阵和伊党在金马仑国席所得的票，比希盟多4184张，但这次补选国阵的多数票是3200余张，比4148张少。"
"218",218,NA
"219",219,"负责跟中国谈判的马来西亚东铁计划谈判队消息告诉星洲日报，首相特使敦达因已抵达中国，并将与中方就谈判的细节进行最终的商议。"
"220",220,"百格晨报|Pocketimes"
"221",221,"百格|Pocketimes"
"222",222,"（吉隆坡3日讯）马来西亚政府已宣布全面禁止国内沙石出口到新加坡，这将导致新国填海“扩充领土”计划受到影响，更对正在填海兴建的世界超级大港大士港计划带来严重冲击。..."
"223",223,"（赛城16日讯）首相敦马哈迪医生说，除了隆新高铁，我国现阶段暂时还不需要兴建高速火车。 “我们可能需要的高速火车是从新山至槟城及泰国边境。” 他说，在没有兴建高铁下，政府的政策是提升现有铁路系统，如双轨铁....."
"224",224,"（吉隆坡8日讯）前首相拿督斯里纳吉抨击首相敦马哈迪医生建议要取消东海岸铁路计划，旨在惩罚没有支持希望联盟政府的吉兰丹、登嘉楼及彭亨的人民。 “我不在意他们抹去我9年来担任首相留下的成绩，然而，政府在开始取..."
"225",225,"国际贸易及工业部副部长王建民表示，他相信东海岸铁路计划（ECRL）将会顾及少数及本地承包商的利益，确保这将会是一个双赢局面。"
"226",226,"东铁计划这部509演到现在的""长篇剧"", 收场剧本如今留给敦马""发挥""!

Astro AEC 八点最热报 / Hui Mei 萧慧敏"
"227",227,"前财长达因说，希盟部长继续争论不休，只能让人民讨厌新政府。这位矮小的巨人没指名道姓，但多数人愿意相信，他所指的是经济部长阿兹敏和财长林冠英对东铁计划的各说各话。 不过，农长沙拉胡丁显然不同意达因的看法....."
"228",228,"百格|Pocketimes"
"229",229,"（吉隆坡16日讯）财政部长林冠英指出，首相敦马哈迪医生拟议创立的新国产车公司，必须由私人界注资。 他说，这是因为国库没钱承担这笔庞大的投资。 林冠英日前接受新加坡亚洲新闻台访问时说，马哈迪本周从日本回国后....."
"230",230,"财经Espresso | 1月18日"
"231",231,"（吉隆坡22日讯）尽管前财长敦达因于上周以特使身分出访中国，想尝试重新调整大马与中国的外交关系，但却因反贪会的突击行动而碰了一鼻子灰。 根据新加坡《海峡时报》报道，大马反贪污委员会于上周三在达因会见中国外..."
"232",232,"（新山20日讯）首相敦马哈迪医生今早才解释政府委派政府顾问理事会主席敦达因，负责与中国政府针对东海岸铁路计划展开谈判，是因为达因拥有特定的专长与能力，另一边厢，柔佛王储东姑依斯迈即在社媒留言，他希望像达...."
"233",233,"百格|Pocketimes"
"234",234,"新闻报报看 | 东铁计划经过马中双方长时间的协商终于达成协议得以复工，那么马新高铁是否也有望重新启动呢？首相马哈迪表示，大马暂时不怎么需要建高铁，只要提升现有的铁路即可。（主播：颜江瀚、庄文杰）"
"235",235,"新闻报报看 | 交通部长陆兆福昨晚同样在晏斗助选演讲上出来帮腔林冠英，他说，林冠英贵为财长，他所提及的东海岸铁路计划最新进展内容，所说的话一定有分量，每句话当然都会有根据。陆兆福证实了东铁计划要重划路线的..."
"236",236,"因国债庞大，首相敦马哈迪医生领导的内阁同意取消隆新高铁及捷运第3路线的计划工程，将国债控制在合理水平，及避免国家破产。 希望联盟体制下也会有不一样的马哈迪；多年前，华尔街日报前编辑韦恩（Barry Wain）在《动荡..."
"237",237,"新闻报报看 | 根据《透视大马》引述的消息指，东铁新路线虽然只减少了40公里，但造价却大幅度减少了215亿。其中最大的原因在于，新路线没有经过彭亨文东和雪州鹅唛，少了大约22公里左右的隧道，为工程剩下70亿至80亿令吉...."
"238",238,"▌热点 X 前线 ▌继纳吉、罗斯玛、阿末扎希等人到反贪会录供助查，今天轮到…马哈迪。噢不，敦马是来反贪会出席活动的！

。国家施政、廉正与反贪中心成立后首次汇报
。约160名政府行政人员包括内阁成员出席
。敦马提醒官员以身作则，成为国内的反贪楷模
。目前暂时无人申报个人财产
。暂搁隆新高铁一事，还未正式通知新加坡
。敦马93岁生日愿望：希望媒体协助政府打贪 

#申报财产暂无时限 #首相月薪能存款
#发射热点 #84hotspot #热点前线 

快到我们新网站逛一逛 www.hotspot.com.my:=:https://hotspot.com.my/"
"239",239,"首相马哈迪医生几乎天天在喊，我也在本栏以及其他场合至少每周呼吁，我们不可对自身的生产力，说得更白一点就是大家努力工作的程度掉以轻心，但看起来很多人也还是把这一阵阵的呼吁当着耳边风，继续地龟缩在向来享有..."
"240",240,"（北京25日讯）大马与中国今日签署3大关键了解备忘录，包括重启与中方合作的东海岸铁路计划及大马城计划，同时双边同意加强棕油领域经贸合作，开启了大马新政府与中国关系的新一页。 首相敦马哈迪医生与中国国务院总....."
"241",241,"（东京11日讯）马来西亚反对派阵营希望联盟日前赢得国会大选，前首相马哈迪再次出任首相，日本媒体再度看到得标隆新高铁的希望。 日本官方共同社报道，马哈迪曾称当选后将加强监管中国投资，因此看好日方可能赢得马来..."
"242",242,"（八打灵再也26日讯）财政部长林冠英透露，若有必要，政府将会在下周针对是否取消东海岸铁路计划一事，发表官方声明。 他对经济事务部长拿督斯里阿兹敏指政府基于高利息而决定取消东铁计划，感到吃惊。 “若有必要，....."
"243",243,NA
"244",244,NA
"245",245,NA
"246",246,"世界第一台火车出现在英国。1825年9月21日，英国斯托克敦至达林顿的铁道上，有一台“铁家伙”在测试中并成功跑出时速13公里；随后，“铁家伙”不断改进及提速，人们开始意识到，速度，就是财富。 从19世纪初开始，世界的..."
"247",247,"新闻报报看 | 东铁计划落实新协议，已经大砍215亿令吉，但负责谈判的敦达因表示，希望能再减到300亿，让原本440亿的成本造价更低。（主播：蔡心惠、王钶媃）"
"248",248,"（吉隆坡21日讯）财政部长林冠英今日形容，大马与中国针对东海岸铁路计划的谈判进展令人鼓舞。 他今早出席第12届大马产业峰会开幕后对记者说：“它（马中两国针对东铁的谈判进展）非常正面。” 身为我国谈判领导人的政..."
"249",249,"希盟政府一再通过媒体炒作，让人以为东海岸铁路计划是国阵政府“买贵”的计划，以便他们能有充分理由中止这项计划，并打击国阵的诚信。 他们声称这项计划是中国政府与大马政府勾结的成果，声称实际造价只需270亿令吉....."
"250",250,"（吉隆坡30日讯）隆新高铁和捷运第3路线确认废除，已经获颁合约或潜在获颁合约的建筑股，今日纷纷落难成为首要抛售目标，几乎齐齐刷新1年新低，当中又以金务大（GAMUDA，5398，主板建筑股）和HSS工程（HSSEB，0185 ，主板贸服..."
"251",251,NA
"252",252,"（文冬13日讯）东海岸铁路（NCRL）计划最终谈判决定放弃文冬与鹅唛站，以换来较低的造价成本，一度广受文冬人期待的铁路交通梦，今天终成泡影。 文冬华社领袖受访时均表示：“除了失望，还是失望。” 文冬华人大会堂主...."
"253",253,"（瓜拉登嘉楼15日讯）政府顾问理事会主席敦达因说，一旦东海岸铁路建竣，登嘉楼人民甚至可能有机会享有由营运方提供的车资补贴。 他说，东海岸铁路的建设经费庞大，全程票至少要售卖500令吉才能达到收支平衡，但是政府..."
"254",254,"（吉隆坡26日讯）希盟政府将探讨在兴建隆新高铁（HSR）课题上，一旦政府毁约，是否可以削减赔偿率。 首相敦马哈迪医生说，一旦政府毁约，取消隆新高铁计划，大马必须向新加坡作出巨额赔偿。 马哈迪接受《The Edge》访问时..."
"255",255,"首相敦马哈迪派定心丸，表明东海岸铁路计划（ECRL）公共工程项目，将保留至少20%的特别固打给土著承包商，马华发言人苏仪芳喊话，要行动党，尤其是行动党内阁员表态 ，到底是支持还是废除土著固打制，并向人民交代！ 她..."
"256",256,NA
"257",257,"从近期的多项大型工程，希盟政府重启与中国合作的大型项目，如东海岸铁路计划和大马城等逐一复工，就足以证明希盟政府在大选前指与中国合作是卖国指责，如今不攻自破。同时，也还了一个清白给马华，证明推动一带一路..."
"258",258,"曾经跟大马城擦身而过的中国富商王健林，后来万达帝国的崩塌是巧合？还是有内情？

Astro AEC 八点最热报 / 庄文杰 Darren"
"259",259,"新闻报报看 | 迟迟未有定案的东铁计划，今天在北京终于传来复工的消息。敦达因今天在我国驻北京大使馆召开新闻发布会，他说在经过接近一年的谈判之后，中国方面答应让东铁的建造成本从原本的655亿，降低到440亿，敦达因..."
"260",260,"在确定东海岸铁路复工后，马来西亚又有一项大计划有待解决，那就是隆新高铁。根据马来西亚首相敦马哈迪医生在本月16日表示，目前并不急于兴建隆新高铁，因为承建这项大工程所需投入的资金高达1100亿令吉，而不是较早时..."
"261",261,"（八打灵再也2日讯）政府宣布取消隆新高铁计划引起轩然大波，中国《环球时报》记者胡维佳抨击大马政府反复无常，若新政府不遵守合约精神，势必为其错误付出代价。 胡维佳的评论文章《撤回中国建造高铁计划将使马来西...."
"262",262,"当初前朝国阵政府推行东铁计划以来，希盟各领袖为了妖魔化前朝，不惜捏造各种有关东铁造价、国家主权的谎言，企图制造人民对前朝负面的情绪。 比如首相敦马哈迪、财政部长林冠英曾绘声绘影的指出，东铁的造价要550亿....."
"263",263,"（布城30日讯）内阁今天议决，大马与中国政府将继续针对东海岸铁路项目展开谈判。 财政部长林冠英说，内阁也议决，只有首相敦马哈迪医生可针对东铁课题发言。 他表示，两国会以机密方式进行谈判，并会在有结论后，才....."
"264",264,"Pocketimes|2019年4月19日"
"265",265,"有补选就有“惊喜”！财政部长林冠英虽然没有被首相派到中国谈判东铁计划，但是日前他到晏斗出席政治讲座时，向当地选民宣布一项“好消息”，令举国上下充满“惊喜”。 他说：“此计划如果继续推行，东海岸铁路计划....."
"266",266,"百格大事纪 | 2019年4月6日"
"267",267,"希盟政府宣布重启东海岸铁路计划（ECRL）。我们看看希盟针对东铁建设的态度是如何转变的。 以前希盟说： - 东铁计划是一项既浪费钱也没有必要的计划。 - 东铁计划是一项出卖国家主权给中国的计划。 - 指责当中290亿令吉的...."
"268",268,"希盟政府日前宣布重启东海岸铁路计划（ECRL）计划，在取消了文冬站、鹅唛站和双文丹站后，声称造价从原先的655亿令吉减至440亿令吉，而“节省”了215亿令吉。 姑且勿论，这所谓的“节省”是在砍掉了数个站工程缩水而来的...."
"269",269,"（吉隆坡8日讯）政府顾问理事会主席敦达因坦言，马来西亚和中国是好朋友，因此在处理东海岸铁路项目遭搁置问题上，无意让任何一方感到难受，所以是他与许多国家交涉中，感到最为棘手的。 他说，中国方面继续有代表过...."
"270",270,"（新山23日讯）国防部副部长刘镇东强调，东海岸铁路计划和隆新高铁，对我国与中国都没有战略意义和实质效益。 刘镇东也是民主行动党政治教育主任，他发文告表明他是少数在数年前就一直反对东铁和高铁计划的政治工作者..."
"271",271,"百格财经 | 2019年4月12日"
"272",272,"（雅姆2日讯）东海岸铁路工程计划进入“重新协商”阶段，来自中国的东铁工人几乎全都返回中国。 记者向位于雅姆的东铁宿舍及办事处探听，获知原本开工的中国东铁技术工人都回了中国，只剩数名员工留守。 该名不愿具名..."
"273",273,"穷学生没钱吃饭？为何不捉贪官？东铁赔多少钱？ 敦马见招拆招这么回答……"
"274",274,"（吉隆坡1日讯）隆新高铁计划有最新进展？消息指成本达1100亿令吉的隆新高铁计划将推迟2年再启动，而且大马及新加坡皆无需支付任何赔偿金。 《The Edge》引述消息说，全程长350公里的隆新高铁合作协议，有效期将持续至2020....."
"275",275,"（吉隆坡6日讯）交通前部长丹斯里翁诗杰表示，全长688公里的东海岸铁路（ECRL）将会刺激我国经济，提高大马竞争力，同时也将吸引更多海外投资，包括中国资金进入大马。 翁诗杰说，作为一带一路倡议的一部分，东海岸铁路..."
"276",276,"（吉隆坡7日讯）房地产咨询公司莱坊（Knight Frank）公布的“一带一路指数”显示，马来西亚在67个一带一路倡议沿线国家中，属于第六个最具潜在契机的国家。莱坊在最新公布的《新兴领域》报告中指出，大马因为在一带一路经..."
"277",277,NA
"278",278,"（吉隆坡20日讯）首相敦马哈迪医生说，政府顾问理事会主席敦达因拥有“特定的能力”，令他成为代表我国与中国针对东海岸铁路计划进行谈判的最佳人选。 “我们是基于一些特定的能力，作出选择（大马在东铁项目的谈判代..."
"279",279,"（吉隆坡6日讯）针对财政部长林冠英暗示东海岸铁路项目会重新调整路线，到时料会为森美兰带来“好消息”，马华总秘书拿汀巴杜卡周美芬促前者在晏斗州议席补选投票前把话说清楚，别用“可能”来混骗人民。 林冠英昨晚...."
"280",280,"（吉隆坡2日讯）政府会在下周公开其他红色档案，大部分和SRC国际与一个马来西亚发展有限公司（1MDB） 弊案相关。 根据《The Edge》报道，林冠英接受专访时说，有关档案如1MDB及SRC国际有一些敏感资料，包括政府替1MDB还债等等...."
"281",281,NA
"282",282,"（布城15日讯）针对东铁改道引起的争议，首相敦马哈迪医生说，东铁改道主要是要吉考虑到文化、古迹和环境因素，所以绕过了鹅唛的“冷闸石英山脊”。 “新的南部路线让关丹港口与巴生港口衔接，此外，新的路线也将会衔..."
"283",283,"（吉隆坡27日讯）据日本经济研究所（IDE）构建的模型显示，在2030年，马来西亚每年可以从隆新高速铁路（HSR）项目赚取15.98亿美元（约64.9亿令吉），比新加坡每年从该项目中赚取的6.41亿美元（约26亿令吉）多出逾一倍。 该研....."
"284",284,"（吉隆坡10日讯）隆新高铁（HSR）可能很快“复活”，分析员认为，曾兴建机场快铁（ERL）的杨忠礼机构（YTL，4677，主板公用事业股），将会是潜在赢家。 首相敦马哈迪透露，政府正在评估降低隆新高铁项目的成本，意味着这....."
"285",285,"（吉隆坡1日讯）国际贸易及工业部前部长丹斯里拉菲达预测，东海岸铁路将是下一个遭腰斩的大型基建项目，因东铁比已被取消的隆新高铁对大马更没经济效益。 拉菲达质疑这项耗资数百亿令吉的工程没有实际意义。 “东铁更..."
"286",286,"（吉隆坡31日讯）敦达因受到首相委任，“独挑大梁”与中方重新谈判东铁计划，惟招致一些质疑，达因为此表明，他乐意交出职责， “我十分乐意把谈判交给任何有意接手者。例如，我知道（国际贸易及工业部前部长丹斯里）..."
"287",287,"国阵时代留下来的东铁计划今天领了“死亡证”，但会不会以“希盟版本”的东铁“复活呢？
#东铁计划  #胎死腹中

Astro AEC 八点最热报 / 梁宝仪 Boey Leong"
"288",288,"百格新闻 | 东铁计划重启"
"289",289,"马华彭亨州联委会主席拿督斯里何启文指出，文冬区国会议员黄德公开支持东铁绕过文冬，改道伸延至森州，再次印证他是一个背叛人民委托，典当人民权益的从政者。 针对黄德公开抗争社区民意，去认同东铁路线避开文冬改....."
"290",290,"（吉隆坡24日讯）民政党副主席拿督刘华才博士认为，首相敦马哈迪医生发表要拆除关丹“中国长城”的言论欠缺敏感，并担心这言论会进一步引起中国对大马的不满。 他指研究马中关系的学者皆认为大马取消东海岸铁路及两项..."
"291",291,"尼泊尔是中国推动一带一路其中一个主要结盟国家，不过尼泊尔政府日前宣布，一座先前敲定由中国三峡集团开发的水电厂收回自建。这是尼泊尔从中资企业手中收回的第二个同类工程案。 不只尼泊尔叫停中国工程，大马新任....."
"292",292,"造价超过600亿令吉的东铁计划（ECRL）终于U转，成本削减，同时调整部分路段。之前我们已经计算过，如果东铁计划真的取消，大马政府可能要赔偿的数额高达数百亿令吉，大马政府这么穷，哪里可能赔偿？所以，一是用拖字诀...."
"293",293,"（吉隆坡22日讯）政府顾问理事会主席敦达因不认为中国会以扣留大马年轻富商刘特佐，作为跟我国在东海岸铁路计划（ECRL）合约上的谈判筹码。 他表示本身并不知道这回事，他说：“至于你（记者）提到有此猜测（中国的有....."
"294",294,"（吉隆坡17日讯）丰隆投行研究分析员点出，捷运路线2（MRT2）料是下一个被缩减规模的目标，届时料冲击部分上市公司，分析员维持领域“中和”的投资评级。 随着新政府上台，隆新高铁和捷运路线3已经被取消，而东海岸铁路..."
"295",295,NA
"296",296,"在迎来执政1周年时，希盟政府也开始检讨甫上台时喊停的数项大型基建项目。第一个被重新启动的项目是东海岸铁路，接下来是大马城。不过，原本计划在大马城设立终点..."
"297",297,"东铁全长600多公里，从雪州巴生港口，途经彭亨州与登嘉楼，并衔接到丹州道北。这将由中国交通建设控股公司承建，预计2022年完工。 然而当敦马哈迪医生出任任新首相，即刻说要检讨此一计划。 关于东铁，政府元老顾问团之..."
"298",298,"（吉隆坡29日讯）随着首相敦马哈迪决定废除隆新高铁项目后，市场专才估计，早前已获颁这项工程的公司、建筑和建材股将会受到影响，而导致股价在明日开市时下跌，但对大市影响甚微。 Areca资本总执行长黄德明接受《南洋...."
"299",299,"首相敦马哈迪今午约4时23分，针对4项课题召开新闻发布会，即东海岸铁路（ECRL）、垦殖民（FELDA）棕油果实被偷、朝圣基金局（Tabung Haji），以及马来西亚城（Bandar Malaysia）发展计划。"
"300",300,"（八打灵再也30日讯）据《星报》报道，消息指交建已同意把整个工程计划，即第一和第二期的成本，从原本的约700亿令吉降低至400亿令吉。 消息人士称，在重新谈判的过程中，有关公司还同意允许从原有30%的本地商家参与，提..."
"301",301,"（布城12日讯）东海岸铁路项目将重新启动，建筑成本设定在440亿令吉，从原先的655亿令吉，大幅削减了215亿令吉或32.82%。 “我们很高兴地宣布，东铁的第1阶段和第2阶段的建设成本，现已降至440亿令吉。” 首相办公厅在文告说..."
"302",302,"国阵奔溃，政权转移，行动党秘书长林冠英接李孝式、陈修信，出任马来西亚第三任华裔財政部长之后，得意洋洋。没有想到，后来马哈迪的內阁增设了经济部长，原属財政部的一部分权力，顺势转到那里。 虽然不曾任职当权....."
"303",303,"首相敦马哈迪医生在对“东铁”等三个中资项目喊停之后，又再一次引爆另一中资项目“森林城市”，突然宣布：“外国人今后不准购买柔佛州依斯干达特区的森林城市房地产。当局也不会由于外国人入住森林城市而发出居留证..."
"304",304,"（吉隆坡10日讯）希望联盟名誉主席敦马哈迪医生说，政府将检讨中资项目，包括耗资550亿令吉的东海岸铁路计划（ECRL）。 “我们会检讨中资项目，政府有权力针对一些不平等的贷款条约提出看法。” 他在记者会上受询及他在...."
"305",305,"（北京28日讯）首相敦马哈迪医生说，东海岸铁路计划（ECRL）的施工如果再获得调整，其造价不排除能再调低。 马哈迪不回应前首相拿督斯里纳吉是否擅自派特使洽谈东铁计划的提问，仅表示希盟政府只是不满该项目欠缺透明....."
"306",306,"百格晨报|Pocketimes"
"307",307,"备受注目的东海岸铁路是继续建造或是喊停，相信很快揭晓。目前, 封金挂印坐上谈判桌的是国家元老级的财政部前部长敦达因。 敦达因是国家经济的重量级人物，1994年曾因一句话引发吉隆坡股市大崩盘，综合指数在两天之内....."
"308",308,"（文冬17日讯）反对取消东铁文冬站、抗议黄德对莱纳斯立场软化，文冬3个华团组织今早在文冬市区巴刹请愿，要求政府重启东铁文冬站，现场并派发1000个打火机给民众，提醒黄德兑现对莱纳斯稀土厂所持的强硬立场承诺。 3个..."
"309",309,"（吉隆坡10日讯）有分析员悲观地认为，即使我国重启东海岸铁路工程，仍然不足以令步伐蹒跚的建筑领域复苏。 根据《金融时报》报道，首相敦马哈迪将在本月24日至28日访华，有可能让东铁以较低的成本复工，可是，这对于....."
"310",310,"（吉隆坡24日讯）财政部长林冠英说，针对东海岸铁路计划（ECRL）最后是取消或展延，会在咨询首相敦马哈迪医生后，在适当时候宣布。 林冠英针对媒体询问，有关中国交通建设股份有限公司（CCCC）副总裁孙子宇希望，大马政...."
"311",311,"1985年的11月，前首相马哈迪医生在寒冷的冬天，飞抵北京展开8天的官事访问。马哈迪的第七天行程是到陕西省西安市。除了拜会中国最古老、最大、保存得最好的回教堂之一，此行的重点是参观兵马俑博物院。与许多国际领袖....."
"312",312,"百格大事纪 | 1月24日"
"313",313,"（布城28日讯）交通部长陆兆福说，以100亿令吉成本兴建东海岸铁路，目前只是一项建议，一切还待有关承建商透露更多细节。 他坦承，由于现阶段只是一项建议，因此他不确定其可行性。 “该建议是向首相敦马哈迪医生提出....."
"314",314,"（吉隆坡7日讯）马华妇女组副主席拿督王锺璇认为既然财政部长林冠英说东铁建造价高所以叫停，那耗资90亿令吉的槟城第一泛岛大道(PIL 1) 的造价，已被揭发比东铁每公里8000万令吉的造价贵5倍。因此，林冠英有必要秉持对东....."
"315",315,"（莎阿南20日讯）雪兰莪州高级行政议员拿督邓章钦指出，交通部长拿督斯里廖中莱指责雪州政府不配合东海岸铁路计划征地的言论不诚实，因为负责单位至今仍未按照土地征用法令第三条文，要求州政府征用土地。 该负责单位..."
"316",316,"（吉隆坡3日讯）原产业部长郭素沁说，希望联盟政府过去迫不得已之下，才砍了许多发展项目，因为希盟接管前朝政府留下高达1.8兆令吉国债，所以必须先“止血”和整顿。 她说，东铁工程不是不好，但并非目前最需要的工程...."
"317",317,NA
"318",318,"尽管我国各大媒体都以“首相访华创佳绩”、“成果累累”、“马中关系攀新高峰”等正面标题来形容今次首相敦马哈迪到中国访问的结果，事实上不见得如此，要不然首相敦马不会人还没回国，就断然宣布取消东铁，以及沙巴..."
"319",319,"（关丹26日讯）政府议决终止与中国交通建设股份有限公司（CCCC）签署的东海岸铁路计划合约，并不会影响马中关系。 外交部长拿督斯里赛夫丁阿都拉指出，这是因为大马政府在首相敦马哈迪医生于去年7月访问中国时，就已表...."
"320",320,"▌热点女侠 ▌入主布城不到一年，辞去所有的职务，甚至还说下届大选不上阵了......这次努鲁真的豁出去了吗？

热点女侠 | Dragon龍紋敏

#努鲁依莎 #努鲁辞职风波 #cryingbabies 
#发射热点 #84hotspot #热点女侠

上集回顾：东铁、贪污、穷学生 敦马见招拆招回答 bit.ly/2Ujxs8O

女侠江湖闯荡史 ✨ www.hotspot.com.my/wonderwoman:=:http://www.hotspot.com.my/feature/96484"
"321",321,"（布城5日讯）马来西亚和新加坡两国的隆新高铁工程将搁置到2020年5月杪，马来西亚对此必须支付1500万新元（约4500万令吉）给新加坡。 经济事务部长拿督斯里阿兹敏说，新加坡接受我国在2019年1月杪前支付这笔款项。 阿兹敏今..."
"322",322,"（吉隆坡28日讯）鉴于东海岸铁路计划（ECRL）造价过于昂贵，而有意取消兴建计划的首相敦马哈迪医生说，政府接获更低承建东铁价格献议，只需要100亿令吉，不必耗资550亿令吉。 “这些献议能够以100亿令吉建造东铁项目的公....."
"323",323,"（劳勿30日讯）一项工业界消息透露，东海岸铁路计划（ECRL）计划，目前有3 个选项方案可助减低其550亿令吉的成本费用，其中一个选择是以单轨单基面，取代原有的单轨双基面设计规格。 对东铁有认知的这项消息指出，如果政..."
"324",324,"记者：东铁取消了吗？
员工：不知道耶……
#连员工自己都不清楚
#摄制队晒黑了一圈
#文冬的天气和人一样热情

Astro AEC 八点最热报 / 梁宝仪 Boey Leong

另外，如果你对投身电视新闻工作有兴趣，请点阅：https://bit.ly/2L8ekCh"
"325",325,NA
"326",326,"（北京18日讯）政府顾问理事会主席敦达因目前身在中国，与中国政府洽谈被大马政府指示停工的东海岸铁路计划，并期待双方可取得双赢方案。 敦达因抵达北京后，即马不停蹄的前往中国外交部拜访中国外交部长王毅，并举行..."
"327",327,"（吉隆坡12日讯）首相敦马哈迪医生表明他只是推迟隆新高铁项目，这逆转他早前发表内阁完全放弃该项目的谈话。 马哈迪接受日本“日经亚洲评论”时指出，马来西亚将从这个项目中受益匪浅。 他说，未来将需要高铁，可能....."
"328",328,NA
"329",329,"百格大家讲 | 2019年4月17日"
"330",330,"过去希盟利用网络媒体《砂拉越报告》指控国阵在东铁计划，刻意提高造价至550亿令吉，以便向中国借贷拯救财务陷困的一马公司。可是在敦达因谈判 回国后，声称通过谈判，把“原价”655亿令吉（为何比之前的指控又高了100....."
"331",331,"（吉隆坡10日讯）交通部长陆兆福指出，尽管东海岸铁路计划建筑成本从655亿令吉减至440亿令吉，但其规模没有缩小。他说，如今东铁只是不继续进行哥打峇鲁-..."
"332",332,"（吉隆坡1日讯）针对中国献议东海岸铁路成本减半的报道，马哈迪指出，马中两国仍在进行谈判，现阶段不便透露细节。 “目前，谈判正在进行中，我不能吐露进展，因为我必须等待结果。” 据外媒引述消息人士指出，中国献..."
"333",333,NA
"334",334,"土耳其与阿根廷这两个，也算是发展中国家中较为领先的经济体，近日来陆续出现金融、债务方面等的经济危机，不但在国际上再敲起一轮环球经济风暴是否即将降临的警钟，更尤其是对我国当下与未来的经济走向，有着重要的..."
"335",335,"首相马哈迪医生完成对中国的5天访问（8月17日-21日）。表面上看，马哈迪此行只是见证马中企业签署的备忘录和协议书，包括令吉与人民币互换延长协议等。 换句话说，除了将与马云阿里巴巴集团合作推出网购行销之外，也有...."
"336",336,"新政府大刀阔斧腰斩未动工的隆新高铁计划，市场震动，但首相马哈迪在执政之前就表明要检讨高铁计划，大家早该有心理淮备。 可是，政府再挥刀砍掉捷运第三干线计划（MRT3），则令人措手不及。政府没有经过深入探讨、研...."
"337",337,"（吉隆坡12日讯）马华宣传局副主任兼发言人梁捷顺抨击希盟政府，东铁（ECRL）重新谈判的结果，含有政治报复的意味，最新的路线调整显然是在惩罚作为反对党州属的彭亨，同时旨在奖励作为希盟执政州属的雪兰莪和森美兰。..."
"338",338,"（吉隆坡26日讯）针对经济事务部长拿督斯里阿兹敏与财政部长林冠英在东铁课题上各说各话，已晋身政治网红的前首相拿督斯里纳吉再次出手：“没有WhatsApp群组，至少通个电话嘛！” 他在面子书贴了林冠英的“震惊”报道，...."
"339",339,"（吉隆坡23日讯）财政部长林冠英指出，在东铁计划上，政府倾向选择与合作的中资企业“重新磋商”，以便降低飙升的发展开销成本，在调整工程开销后仍会进行。 不过，他指出，在隆新高铁计划上，则被列为“检讨”事项，..."
"340",340,"（吉隆坡9日讯）市场认为，若东海岸铁路重启，势必利好我国建筑领域，特别是IJM（IJM，3336，主板建筑股）、HSS工程（HSSEB，0185，主板工业股）、亿钢控股（ECONBHD，5253 ，主板建筑股）、前进控股（ADVCON，5281，主板建筑股）和..."
"341",341,"（布城23日讯）外交部长拿督赛夫丁阿都拉指出，希盟政府过去一年最大成就，是协助国家摆脱“盗贼治国”恶名，并成功化解大马与其他国家如中国及新加坡的重大纠纷。 他说，就外交关系来看，大马成功重启东海岸铁路计划..."
"342",342,"（吉隆坡14日讯）政府顾问理事会成员佐摩教授指东海岸铁路计划（ECRL）成本暴涨至惊人的810亿令吉，他怀疑是用来承担一个马来西亚发展有限公司债务以及第14届大选经费。 他说，除了1MDB的债务，另一个原因是大马政治融资....."
"343",343,"（吉隆坡18日讯）敦达因说，所有大型发展计划都会受到检讨，包括东海岸铁路计划和隆新高铁计划。 他说，政府顾问理事会已经收集相关的数据和资料。 “之后我们就会向政府提出建议。 “关于东海岸铁路计划，根据我们掌...."
"344",344,"（哥打峇鲁27日讯）一旦清还所有债务，一个马来西亚发展有限公司（1MDB）将结业。 财政部秘书长兼1MDB主席丹斯里依万瑟里加博士说，1MDB将透过从政府大型计划，如敦拉萨国际贸易中心（TRX）、东海岸铁路计划及捷运第二路线..."
"345",345,NA
"346",346,"（吉隆坡3日讯）前首相拿督斯里纳吉说，敦马哈迪医生在担任第四任首相期间，于1988年兴建的南北大道，至今仍为政府留下债务，这笔债务还需25年时间才能还清。 纳吉是针对政府称废除隆新高跌的原因之一，是这计划需很长...."
"347",347,"（哥打峇鲁、劳勿20日讯）东海岸铁路一旦竣工成就物流通道，肯定能带动周边经济，东海岸华团及商会领袖促请新政府，就算重新检讨计划尤其造价方面，但不要取消工程。要享富，先修路，东铁肩负带动东海岸经济发展的使...."
"348",348,"财政部长林冠英日前在晏斗站台拉票时宣布，东铁或改路线并惠及森州，马华副总会长拿督林万锋质疑是希盟的补选花招，并认为东铁计划已被希盟政治化，而不是从国家和人民利益出发。 林万锋表示，由于希盟政府拥有多次....."
"349",349,"（吉隆坡8日讯）政府顾问理事会主席敦达因透露，尽管东海岸铁路计划的成本下调，但东铁营运后将“连年”亏损。 达因也是财政部前部长。他接受《南华早报》访问时说，虽然他在谈判中把东铁的造价大幅度降低215亿令吉，...."
"350",350,"（吉隆坡22日讯）政府预料会在4月初完成东海岸铁路计划（ECRL）项目的谈判，可望为国家节省下超过100亿令吉成本。 政府顾问理事会主席敦达因说，该计划已接近实现，它将注入新商业元素，对大马公司及人民带来更大影响。 ..."
"351",351,"随着经济部长阿兹敏宣布内阁已决定终止东海岸铁路合约后，东铁课题又成了热门话题，现在只知道马中双方仍在商议着东铁工程事宜，且为了避免部长们七嘴八舌拢乱大局，以后只有首相马哈迪医生可对东铁的“行止”发言，..."
"352",352,"（吉隆坡18日讯）政府顾问理事会主席敦达因说，他有信心东海岸铁路计划（ECRL）的造价减少了215亿令吉后，兴建成本还有望再进步一步削减。 他说，一旦大马铁路衔接私人有限公司（MRL）与中国交通建设股份有限公司（CCCC）...."
"353",353,"（布城15日讯）首相敦马哈迪医生说，政府的目标是在要今年4月与与中国对重启东海岸铁路计划的谈判，达成协议。“我们目前仍在与中国谈判着，我们并不能够说设定谈判的最后日期，但是我们的目标是4月。”他今天针对东....."
"354",354,"希望联盟执政后，有关承认统考文凭课题上，民政党副主席刘华才博士说“从最后一里路变成十万八千里路”。 教育部副部长张念群反驳说：“他等了60年都 觉得那一里路有问题，现在多等几天、多等几个月就说成十万八千里...."
"355",355,"财经Espresso"
"356",356,"（吉隆坡27日讯）“要致富，先修路”！ 大马高铁机构、部分经济学家及与中国友好的商会希望政府能以长远的商业经济角度，务实看待东海岸铁路计划（ECRL）及隆新高铁工程（HSR），别因政治因素考量而错失发展良机。 他们...."
"357",357,"（吉隆坡16日讯）马华副总会长拿督陈德钦促请槟州政府暂时搁置槟泛岛第一大道计划（PIL1），并要求财政部长林冠英向发展商减价，解决造价过高的争议。 他指出，尽管现任槟州首长曹观友否认全长19.5公里的泛岛第一大道的...."
"358",358,"马青总团长拿督张盛闻抨击，希盟政府不仅宣言承诺不断跳票，在国家政策上不断U转，如今在处理涉及他国的大型计划也一再自打嘴巴，甚至在短短前后一天内立场急转弯，惯性的言而无信势必破坏国家形象。 张盛闻表示，昨...."
"359",359,"废除消费税、废除反假新闻法令、废除陆路公共交通委员会（SPAD）、废除东海岸铁路计划……，大马改朝换代后的首100日，希望联盟政府虽然还有很多新政策有待落实，但被废除的政策和计划倒已不少。 首个被废的重大政策就...."
"360",360,"（吉隆坡26日讯）首相敦马哈迪医生形容，耗资550亿令吉的东海岸铁路出现“奇怪”安排，大马政府借贷的相关款项却存放海外，他怀疑针对东铁贷款是否用来缴付一个马来西亚发展有限公司（1MDB）债务及收购公司。 他说，大....."
"361",361,"（新加坡12日讯）  新加坡政府宣佈降温措施、隆新高铁项目搁置、多个集体出售项目告吹，导致工程项目减少，建筑业面临危机，过去3个月至少有20个建筑和工程公司倒闭，中小型业者前景黯淡。

《商业时报》报道，隨著建筑业萎靡，新加坡中小型承包商面临困境。今年7月至9月期间，至少20家建筑和工程公司受到市场萎缩及资金流动问题影响，必须结束营业。

从事建筑业10多年的林先生受访时表示，建筑业的竞爭十分激烈，新加坡有上千个承包商，但工程项目却逐年减少，影响最大的就是中小承包商。

「一些影响因素，包括总承包商拖欠工程费、竞標价越来越低、市场上没有足够工程项目等。」

他以本身的建筑公司为例，今年更是大受打击，以至于必须裁退外劳和职员，原本聘请50至60名外劳和职员，如今已经裁退逾90%的员工。

他解释，通常中小承包商也接不到一些大型的政府工程，所以受到限制。再加上工程竞標价越来越低，甚至到亏损的地步。

甚至有承包商在亏损情况下，还继续接工程。」

他坦言，今年的情况特別糟糕，因此他决定先休息一阵子，等到「更好的时机」时再重新开业。

林先生说，根据他的经验，在情况好的时候，一年平均可接到8至10个工程项目，如今却只有2、3项。很多承包商出低价只为了抢到项目「养员工」，所以他標不到几个项目。

「依据现在的情况，即使有项目可以接，我也不一定会做，因为可能会不赚反亏。」

过去几年，更多中小承包商陷入经济危机，进入司法管理。卫达仕凯德律师事务所律师指，发现越来越多中小承包商进入司法管理，在经济上有困难。

「现在工程项目的市场越来越小，小的承包商会觉得需要出更低的价格。」"
"362",362," （吉隆坡6日讯）虽然东海岸铁路重启带动建筑股展望看俏，但分析员提醒投资者别高兴得太早，因为东铁的项目规模已经下砍，而正在竞标东铁的G..."
"363",363,"首相马哈迪将于明日启程前往中国访问，此行对马中两国关系，以及对我国经济前景都至关重要，成果丰硕或“歉收”则取决于双方能否互信，能否坦诚相待。 众所周知，希望联盟上台之前即已被视为是对中国不友善的政治集....."
"364",364,"（槟城27日讯）针对马华署理总会长拿督斯里魏家祥博士指东海岸铁道计划属国与国的合作计划，故没公开招标，槟州首席部长林冠英指槟城海底隧道与三条主要大道也是部分国与国的合作计划，但槟州政府还是透明地通过公开...."
"365",365,"（吉隆坡31日讯）马华妇女组副主席拿督王锺璇上议员表示，希盟政府执政后，就大事宣扬“国债达1兆令吉”这项充满争议性的论点，接着这则论点成了最佳的理由，取消各种前朝政府的大型计划。这种企图去掉前朝“..."
"366",366,"（鹅麦27日讯）经济事务部长拿督斯里阿兹敏阿里指出，政府正在研究一旦取消隆新高铁和东海岸铁路等大型项目后，将对经济造成什么影响。 他说，政府必须考虑所有因素，包括我国与新加坡早前针对兴建隆新高铁项目所签署..."
"367",367,"随着大马于4月12日在北京与中交签署东铁补充协议后，希盟政府高调宣布东铁的调整路线和新造价，可是自喻为公开透明的希盟政府唯独没有公布人民最关心的东铁融资条件，如融资模式、预付款、融资期限、支付进度、利息与..."
"368",368,"（槟城27日讯）针对经济事务部长拿督斯里阿兹敏昨日证实，政府已终止东海岸铁路计划（ECRL）合约，财政部长林冠动英澄清，他昨日针对的不是阿兹敏的言论内容，而是对方发表言论的时间点。 他说，由于东铁涉及（与中国....."
"369",369,"（吉隆坡26日讯）首相敦马哈迪说，有鉴于东海岸铁路（ECRL）已在施工，政府将针对该铁路的合约条款重新展开谈判。 “是的，我们将针对合约条款重新谈判；相关条款严重伤害国家经济，市场应该对政府巩固财务感到开心。....."
"370",370,"文冬天然资源丰富，文冬的文冬姜和猫山王闻名海内外，若东铁文冬站继续兴建，在运输方面肯定就事半功倍，更有望成为东海岸的交通枢纽。如今文冬站却因遭到政治报复而腰斩，虽然文冬国会议员黄德声称要把文冬的农产品..."
"371",371,"（赛城16日讯）大马铁路行业协会主席拿督莫哈末尤索夫促请首相敦马哈迪医生，向负责承建东海岸铁路计划项目的中国承包商，提供更多本地铁道企业参与工程建设的机会。 他说，本地的铁路企业可以在东铁建设项目中专注于..."
"372",372,"（吉隆坡19日讯）马中两国针对东海岸铁路的谈判取得重大进展，中方愿减价，以继续进行这项计划。 外交部长拿督赛夫丁说，马方的谈判团队是由政府顾问理事会主席敦达因领导，旨在缩减东铁的规模与成本，而目前有关谈判..."
"373",373,NA
"374",374,"（布城1日讯）希盟政府上台后，中国在我国的三大项目出了状况，不过中国国务委员兼外交部长王毅成竹在胸，相信相关项目一定能够找到解决方案。 这两天在马来西亚访问的王毅告诉记者，马中两国一定能为东海岸铁路计划...."
"375",375,"（布城22日讯）随着内阁今日宣布解散陆路公共交通委员会，并纳入交通部管辖后，交通部长陆兆福今日限令前朝政府所有政治性委任的机构或局主席或董事，尤其是陆路公共交通委员会代主席丹斯里依沙，必须立即主动辞职。 ..."
"376",376,"马华副总会长拿督林万锋认为与其建议东铁绕道，不如让隆新高铁复工，两铁相连接让马来西亚半岛拥有更完善的铁路涵盖网，交通更趋快捷便利，同时带动经济各领域发展。他今日针对财政部长林冠英在晏斗站台拉票时宣布东..."
"377",377,"因为和承包商在成本削减谈判上谈不拢，希盟政府在上周决定暂时终止捷运第二路线 （MRT2）的地底工程，并表明将重新对外招标。消息传出，除了让相关承包商的股价大 挫，还引起一阵议论，大赞政府果断砍开销者有之，觉得..."
"378",378,"敦马哈迪结束访问中国后，各界对其访中的成果做出各种评论，但忽略了马哈迪在访问中国前一直打出的日本牌。 众所周知马哈迪是大马头号日本粉丝，他对所有大国中都没有特殊的感情，唯独对日本赞赏有加。尽管日本早已....."
"379",379,"（吉隆坡19日讯）政府顾问理事会主席敦达因指出，已重新谈判的东海岸铁路计划，为本地承包商包括土著提供许多机会，尤其是在公共工程方面，如供应和技术。 他说，本地承包商必需争取这个机会，因为该计划提供很多吸引..."
"380",380,"（八打灵再也11 日讯）前首相拿督斯里纳吉说，与其推介新的国产车公司，希望联盟政府不如专注于长久以往可惠及国人的公共交通系统计划。 纳吉周一在面子书贴文说，公交计划如隆新高铁及捷运第三路线，其实不应被希盟....."
"381",381,"（吉隆坡28日讯）鉴于东海岸铁路计划（ECRL）造价过于昂贵，而有意取消兴建计划的首相敦马哈迪医生说，政府接获更低价格承建东铁献议，即只需100亿令吉，不必耗资550亿令吉。 “这些献议能够以100亿令吉建造东铁项目的公....."
"382",382,"（吉隆坡9日讯）马来西亚民主与经济事务研究院董事罗伦斯托德说，在中国投资的东海岸铁路计划，存在着项目技术需求和马来西亚本地承包商的技术隔阂，是造成马来西亚政府迫切检讨该项目的其中原因。 他说，中国许多投...."
"383",383,"大马政府顾问理事会主席员敦达因于本月17日动身到中国，中国驻马大使白天指是要对我国暂时喊停的中国工程进行商讨。 在这之前，首相敦马哈迪医生也宣布，内阁已通过委派财政部长林冠英到中国，针对东铁和天然气管工程..."
"384",384,"（八打灵再也7日讯）香港《南华早报》新加坡专栏作者魏国坤（译音）撰文暗喻，马来西亚政府单方面宣布废除隆新高铁计划的做法，犹如不晓得“君子一言，驷马难追” 的重要性。 他指出，古代中国人明白协议的重要性，不..."
"385",385,"政府重启 #东海岸铁路计划 #ECRL 。首相 #马哈迪 召开新闻发布会，公布详情。

#百格 #Pocketimes"
"386",386,"（布城22日讯）外交部长拿督赛夫丁透露，首相敦马哈迪医生本月24日展开的第二度访华行程，将获得三名中国最高领袖接见，显示中国对我国极度重视，这是非常好的征兆。 这三名领袖包括中国国家主席习近平、总理李克强，...."
"387",387,"东省一点，西省一点，省出来的都不知道够不够拿来赔偿，想想都几可惜。 敦马访华，在外交辞令包装下看不出底细，但是在离境前正式宣布取消东铁和油气管计划，成了此行成败指标。 此行显然没有达到敦马的目的，比较具...."
"388",388,"（布城30日讯）内阁今议决取消隆新高铁合约及搁置捷运第三期工程（MRT3）。 首相敦马哈迪医生说，政府已无能力承担这些开销及债务，因此决定停止这2项工程项目。 他说，政府將会与新加坡政府商讨解决赔偿问题。"
"389",389,"希盟政府去年5月上台后，陆续缩减、降格甚至腰斩前朝国阵政府已批准的数项大型公交建设，其中包括横跨吉兰丹、登嘉楼、彭亨和雪兰莪州的东海岸铁路（ECRL，简称“东铁”）计划，其存废也一直处于不明朗状态。 东铁长达..."
"390",390,"民：国债1兆，为何宁愿赔偿也要停止由前朝政府计划的计划，如东铁？难道赔钱后，国债不会更加“多”？ 官：这是拯救国家经济，避免国家破产。 民：经济不景、这个计划喊停，那个计划叫停时，为何还要花国库的钱去搞第..."
"391",391,"（布城30日讯）随着政府从下月1日把消费税降至零税率后，消费税将会在今年9月正式被废除，并以销售与服务税（SST）取代。 首相敦马哈迪医生今天主持內阁会议后，在记者会上说，销售与服务税的税率如之前实施征收的10%。 ..."
"392",392,"百格大事纪 | 2019年1月29日"
"393",393,"学校拨款被索回扣30%的事件，能源能源、科艺及环境部长杨美盈的政治秘书黄俊历坦言，这种情况根本不稀奇。而国会下议院副议长倪可敏也说……

【其他新闻】
1. 跟了！砂拉越落实禁烟令
2. 劝顾客别吸烟 餐馆员工遭掌掴
3. “拨款抽佣”事件 麻坡县署：30%是利润
4. 希盟不是BN2.0 倪可敏：不与涉贪者为伍
5. 与大使搭ETS 陆兆福：东铁去留未定案
6. 热带风暴帕布 丹登料“遇袭”

#百格 #Pocketimes #百格大事纪 #拨款抽佣"
"394",394,"希盟执政至今，以国债过高为由，指责前朝发展的计划成本太高，与中国达致的条件太苛刻，为了“救国”，全部都需腰斩或重新检讨，受这些理由影响的包括与中国合作的东海岸跌路计划（ECRL）、尚未完成竞标的马新高铁（HS..."
"395",395,"配合中国一带一路倡议走出去的策略，2016年中国在马来西亚的投资急升119%，使大马成为一带一路资金的主要受惠国家之一。在这些重要的投资计划中，东海岸铁路、关丹产业园和马六甲皇京港是三大令人侧目的项目。 香港贸...."
"396",396,"（八打灵再也17日讯）大马政府将百分百持有东海岸铁路（ECRL）资产，同时与中国交通建设股份有限公司（CCCC）共同经营东铁，并不会对国家安全构成任何威胁 。 东铁共同管理、操作及维修（MOM）协议由开始至结束 ，大马政....."
"397",397,"（吉隆坡1日讯）政府在东海岸铁路计划（ECRL）上立场反反复复，中国更献议砍半价挽留项目，增添市场的揣测气氛，但有分析员认为，即使继续进行项目，对我国建筑领域的商机仍有限。 联昌国际投行研究分析员指出，如果政..."
"398",398,"（八打灵再也28日讯）首相敦马哈迪医生说，一封在社交媒体转载有关东海岸铁路计划已被取消的信函，并不是官方信函，且可能已被篡改。 马哈迪今午出席联邦法定机构最高行政管理人员活动后受记者询及此事时说：“人们可..."
"399",399,"（吉隆坡5日讯）尽管市场情绪趋向谨慎，分析员预计，3月马股市的焦点包括大选、大型工程及马六甲“印象城”，特定中小型股的表现有望出线超越大市。 大华继显研究分析员指出，尽管整体市场情绪较预期早转向谨慎，仍预..."
"400",400,"当你从吉隆坡朝东偏南飞行，约莫半小时航程，飞机就进入南中国海空域，浩瀚的大海把东西马分隔开来，看不到陆地的前方，真难以想像这是一个马来西亚。 32年前，第四任首相马哈迪医生提出疯狂的“东电西输”超级大型水..."
"401",401,"（八打灵再也17日讯）首相马哈迪说，他与新加坡总理李显龙本周六举行的双边会议，并没有设定课题，但他会向李显龙表明，政府在一些特定课题所持的立场。 “我们没有选择课题，不过如果他提出课题，我们将讨论。 “目....."
"402",402,"（马江24日讯）登嘉楼州务大臣拿督阿末三苏里博士指出，东海岸铁路计划工程重视当地人民的参与，尤其经济及企业活动方面。 他说，当地人包括小型承包商将在各领域获得优先考虑，包括食物及电力供应，这可推动州内经济..."
"403",403,"（八打灵再也25日讯）首相敦马哈迪医生重申，东海岸铁路（ECRL）计划是有可能继续实行，只要可针对其造价重新进行谈判，并且条件对大马有利。 他今晚主持土团党最高理事会议后召开记者会时表示，东铁的问题在于建设成....."
"404",404,"记得有一位商界领袖说过：“路通，钱通！”，取消隆新高铁又喜又忧，果真矛盾。 今天有机会与一些中小企业谈新政府、新政策，大家皆赞同大刀阔斧革除繁文缛节与不亲商的政策。 新人事，新作风，必有一番新气象；况且...."
"405",405,"（吉隆坡8日讯）中国驻马大使馆公使衔参赞陈辰表示，目前中方企业正在积极竞标隆新高铁项目，中国也希望能够竞标成功，并对中国高铁技术充满信心。 “隆新高铁项目，我们一定会全力争取。” 陈辰今晚在马中企业家联合..."
"406",406,"（吉隆坡28日讯）日本若赢得吉隆坡新加坡高铁工程合约竞标，计划与马来西亚3所本地大学合作，在大马设立培训中心栽培熟练员工。 这将是日本核心技术转移及人力资本发展计划之一，让大马及新加坡人可掌握日本的新干线....."
"407",407,NA
"408",408,"（格宾20日讯）国会下议院副议长倪可敏说，随着东铁在下月重启，加上马中产业园的发展，以及关丹港深水码头等工业链效应，料将吸引更多投资，继而带动区域经济发展。 他指出，根据马中产业园汇报，预料将聘请2万员工....."
"409",409,"（吉隆坡24日讯）前首相拿督斯里纳吉促政府设立皇家调查委员会，调查三项被取消的大型工程是否涉及滥权元素，以及调查消费税退税和未退还所得税的课题。 他今天在面子书和推特说，毕竟这涉及350亿令吉的政府公款，为了..."
"410",410,"（文冬21日讯）我国首相敦马哈迪医生今日在中国突宣布取消东海岸铁路工程计划（ECRL），引起全国哗然。 彭亨华社领袖今天在获悉这些消息后，纷纷感到惋惜。 由于东铁工程曾经肩负着发展东海岸经济的使命，对此，领袖在...."
"411",411,"（吉隆坡2日讯）隆新高铁和捷运路线3取消，还有“岌岌可危”的东海岸铁路项目悬而未决，分析员担心，在当前大型基建项目完工后，本地建筑公司恐怕有难，订单好景将难以为继。 这几年数项大型基建项目释出，惠及本地多..."
"412",412,"（吉隆坡26日讯）民政党全国主席拿督刘华才博士说，林冠英及阿兹敏对于东海岸铁路计划出现不同的说词，感到震惊。 他说，此事也凸显了希盟政府内阁缺乏沟通及协调的严重问题。 刘华才在文告说：“我们的内阁到底发生....."
"413",413,"（吉隆坡19日讯）政府顾问理事会主席敦达因指出，即将复工的东海岸铁路计划，为本地承包商提供许多商机，尤其是公共工程如供应和技术，本地商家应好好把握。 他说，本地承包商必须付诸行动，争取这个机会，而非犹豫不..."
"414",414,"（北海5日讯）首相拿督斯里纳吉抨击希望联盟，对中国的立场，包括恫言要取消东海岸铁路计划（ECRL）将影响我国未来发展。 他说，中国在未来10年可能会成为世界最大经济体，若是中国不购买我国的棕油，将有60万名小园主....."
"415",415,"日前到晏斗补选助选的财政部长林冠英暗示，东海岸铁路或会改道，而且森美兰将有“大好消息”，这是希盟为晏斗补选考量而送给彭亨人民的执政“大礼”，即宣布不关闭关丹莱纳斯稀土厂之后，如今东铁文冬站也被取消，意..."
"416",416,"（新加坡31日讯）新加坡总理李显龙指出，新加坡会冷静并具建设性地处理与马来西亚最近出现的领空与海域纠纷 。 他坦言马新两国最近的争端较难化解，包括海洋边界争议，以及有关实里达机场仪表降陆系统（ILS）程序的空....."
"417",417,"（布城30日讯）虽然隆新高铁喊停，柔新捷运系统照跑！ 交通部长陆兆福说，政府无意取消自2010年5月起所建议的衔接新加坡兀兰和武吉查卡地铁计划。 他今日下午在内阁会议后的记者会上说，交通部将重新研究数项层面，如路..."
"418",418,"马华妇女组副主席拿督王锺璇上议员针对首相敦马哈迪指本地公司献议以100亿令吉建东铁，要求希盟政府尽快厘清3道问题，并拟出妥善的处理方案，解决悬而未决的东铁计划延搁所遗留下来的问题。 希盟政府需要厘清的3道问题..."
"419",419,"希望联盟新政府执政后，落实了几项颇具争议的政策，包括撤销消费税，改以销售税取代；喊停一系列的大型基建计划包括隆新高铁、第三捷运、东海岸铁路及沙巴和马六甲天然气管道项目、重新研究国家汽车工业政策，打造全..."
"420",420,"（新加坡13日讯）杨忠礼机构（YTL，4677，主板贸服股）执行主席丹斯里杨肃斌认为，中美贸易战升温，导致很多企业转而聚焦投资亚洲新兴市场甚至欧洲，因此该公司将获得许多商机。 杨肃斌在新加坡出席峰会时，接受彭博电....."
"421",421,"（新加坡1日讯）针对媒体报道马来西亚新政府要终止隆新高铁计划，新加坡基础建设统筹部长兼交通部长许文远说，新加坡政府已要求马来西亚政府通过外交渠道，澄清马方对高铁计划的立场。 许文远今天下午回应媒体询问发...."
"422",422,"（吉隆坡20日讯）马哈迪说，马中两国针对东海岸铁路的谈判还在进行中，相信无法在他下月访问中国之前达成协议。 不过，他拒绝透露有关谈判的细节。 他在国会下议院问答环节中说，如果我国要继续（东铁计划），需借贷60..."
"423",423,"（吉隆坡20 日讯）智库惠誉解决方案宏观研究从当局针对东海岸铁路计划（ECRL ）所耗用的时间作为基础作出预测，马中双方极可能正在谈判，以达致一个互惠互利的解决方案。 惠誉今日公布报告，指首相敦马哈迪医生须在谈判..."
"424",424,"（八打灵再也26日讯）大马政府决定终止东海岸铁路计划（ECRL）工程，竟是因与中方无法就削减工程费达成共识？ 根据《南洋商报》探悉，大马政府单方宣布暂停继续东铁计划的施工后，就积极与中方代表就削减工程费一事展....."
"425",425,"（关丹9日讯）华总会长丹斯里方天兴说，站在人民的利益和国家未来发展上，经过多方再协商之后，政府应让东铁计划复工。“我们支持政府致力降低东铁的成本，也支持政府和中国当局重新磋商和检讨。”他昨晚在关丹海南....."
"426",426,"（吉隆坡7日讯）大马高铁机构将于本星期五公开招标，为隆新高铁计划寻找适当的“终极调查顾问公司”，以展开土地调查及征地的工作，而终极调查顾问公司将划分为6个配套，其中3个配套将保留予土著公司。 终极调查顾问....."
"427",427,"（芙蓉6日讯）专家认为，落实东海岸铁路计划需要周全的策划，包括必须加速提升及完善本地劳动力技能。敦胡先翁大学公共工程与环境院的基建及地理信息工程学讲师拿..."
"428",428,"（布城7日讯）东海岸铁路计划（ECRL）至今悬而未决，也成了反对党抨击课题之一，对此首相敦马哈迪医生透露，这计划可能会继续进行，惟必须缩小工程规模和降低成本，政府也没有为东铁谈判设下期限。 他接受《新海峡时报..."
"429",429,"（吉隆坡1日讯）首相敦马哈迪医生说，政府无足够资金才会搁置东海岸铁路项目（ECRL），若资金足够，政府会考虑在东海岸兴建更多高速公路或火车铁路。 他说，大马政府无能力偿还550亿令吉东铁项目，而且若兴建则需耗上40...."
"430",430,"（吉隆坡26日讯）中国驻马大使白天强调，东海岸铁路计划在新政府成立后，并没有出现变动。 他说，虽然首相敦马哈迪医生早前指会检讨涉及中资大型计划，但东铁计划的承建公司中国交通建设股份有限公司，未接获任何通知..."
"431",431,"（哥打峇鲁11日讯）首相拿督斯里纳吉指出，我国把东海岸铁路计划工程交由中国交通建设公司兴建，是因为其献议是最好的；融资方面，中国的银行所献议的贷款利率也是最低的，这包括首7年免息的低息贷款。 “我们首7 年不..."
"432",432,NA
"433",433,"首相敦马哈迪上月访华前后，发表了无数反复言论，令人民和投资者无所适从。他在北京回国前宣布要取消东铁计划，后来改口变成是“检讨”；最近令到马中两地人心惶惶的则是“外国人不能购买森林城市任何房产，政府也不..."
"434",434,"（吉隆坡30日讯）一旦马来西亚取消东海岸铁路计划，它可能迫使中国重新考量在全球兴建铁路、港口及其他基础建设的一带一路战略。 据彭博社报道，取消东海岸铁路计划，也令中国国家主席习近平这项耗资4.2兆令吉的国家战..."
"435",435,"希盟政府突然取消隆新高铁计划，但也突然宣布终止向海牙国际法庭提出的“白礁主权争论”的复核申请。两个突然，一个是巴掌，一个是糖果。可以想见，大马由敦马领导的新政府与狮城的关系磨合，将是狮城领导人伤脑筋的..."
"436",436,"林伯：哈哈，希盟呀希盟，不过如此啦，从马大帝处处针对中国人之三部曲，即取消东铁、拆围墙及森林城市可买不可以住，到耍赖不承认统考、重提宏愿学校及土著大会再提单元教育，如今再添一单麻坡市议会要华商去掉柱上..."
"437",437,"新政府上任一周年，经济问题仍然一箩筐。好不容易解决了东海岸铁路问题，另一边厢的原棕油市况至今毫无改善，生活成本和青年就业机会也依旧如此。如今，我们还得面对另一个残酷的现实：我国出口竞争力如今已远远落后..."
"438",438,"（布城9日讯）首相敦马哈迪医生说，大马正探讨隆新高铁项目成本消减的方案，并会在工程搁置至2020年5月31日前，与新加坡进一步讨论此事。 “政府的首要任务是要减少国家的债务，并确保一个在经济上能带来回酬率的项目。..."
"439",439,"几年前，世界看到欧洲各国的民族主义的复兴。从西欧，中欧到（目前的）北欧，破坏性政治已经严重影响全球化的脚步，添加了国际上的不确定性。 当我们还在观察和摸透欧洲情况的同时，亚洲又迎接了新的趋势。 单单在2018..."
"440",440,"（北京24日讯）首相敦马哈迪医生明日（25日）将与中国国务院总理李克强一同见证马中两国代表单位签署加强双方在棕油领域的经贸及合作，以及在东海岸铁路计划相关发展的了解备忘录。 题为“加强棕油贸易与合作”的了解...."
"441",441,"（槟城31日讯）北马一带一路研究主席拿督谢诗坚指出，内阁议决大马与中国继续针对东海岸铁路项目展开谈判是相当好的开始，这不仅对中国有帮助，更对大马有利。 他表示，我国在5·09大选首次变天及敦马哈迪医生重新掌权...."
"442",442,"▌热点 X 前线 ▌东铁确定复工后，政府会不会再“复活”其他尘封已久的铁路工程？来听听为铁路展览会主持开幕的马哈迪有什么话要说。

#东铁计划 #铁路工程 #马哈迪
 #发射热点 #84hotspot #热点前线

快到我们新网站逛一逛 www.hotspot.com.my

------------------------------

新闻到底是不是人做的，试过才知道！👀
►https://goo.gl/xqjMqw
►征聘网络主播、幕后团队
►履历寄到 mybosswantsyou@gmail.com"
"443",443,"（布城23日讯）针对政府被指免费提供4500英亩的土地给中国，以换取在东海岸铁路计划中节省215亿令吉成本一事，财政部长林冠英今日驳斥说这是不实之说。 他说，这种免费提供土地给中方的说法，肯定不实。 “东铁计划若出...."
"444",444,"首相敦马哈迪医生8月17日至21日官访中国，在结束访问启程回国之前，马上宣布取消东海岸铁路计划（东铁计划）以及马六甲和沙巴州的油气管计划，表面说辞是因为“国库空虚”以及经济情况不好。过后我们听到这计划可能展...."
"445",445,"（新加坡24日讯）新加坡交通部透露，许文远与陆兆福在吉隆坡就一系列的交通课题交换了意见，包括早前在马来西亚新政府执政后未知是否继续进行的柔新捷运项目，以及地不佬接驳火车服务等。 陆兆福上月30日接受大马媒体...."
"446",446,"（布城22日讯）经济事务部长拿督斯里阿兹敏说，政府将重新检讨前朝政府已发出同意接受书（SST）的大型工程和计划。 他说，由于数项计划在第14届全国大选前仓促进行，因此政府将重新检讨相关计划，以鉴定是否有必须继续...."
"447",447,"（哥打峇鲁26日讯）为避免受水灾影响，东海岸铁路（ECRL）将兴建147条高架铁道，全长128公里，大部分坐落在吉兰丹和登嘉楼州的水灾高风险区。 大马铁路衔接私人有限公司技术支援总策划莫哈末尼占说，东铁全程共有44条隧道..."
"448",448,"政府宣布马来西亚国债突破1兆令吉后，首相敦马哈迪当机立断，宣布放弃一些不必要的计 划，例如隆新高铁计划。 他说：“这个计划耗资1110亿令吉将让我们一无 所获。这个（计划）将被放弃。 马哈迪强调，这是最终的决定。..."
"449",449,"（关丹13日讯）彭亨中华总商会会理事会会议评论东铁复工及改道，呼吁政府谨慎考量，任何路线更改不能乖离东铁的初衷原意，更不能因为造费高昂，而避开吉隆坡心脏地带。 彭亨中华总商会会理事会会今日发表一篇7点声明....."
"450",450,"（八打灵再也11日讯）备受各界关注的东海岸铁路计划（ECRL）谈判工作，料将在明日（12日）拍板定案，预示整个工程的复工指日可待。 代表我国政府与中国政府代表重谈东铁计划的政府顾问理事会主席敦达因，证实将于明日飞..."
"451",451,"首相敦马哈迪医生结束对中国的5天工作访问，回国之前在北京举行的记者会上，宣布东海岸铁路计划及另2项中国主导的油气管输送计划喊停。 与此同时，他也嘲讽前朝政府与新加坡签约共同发展的隆新高铁计划“愚蠢无比”。..."
"452",452,"几经波折，东海岸铁路工程柳暗花明，马中双方达成协议重启这项扰攘多时的建设计划。如大马方面所愿，新的东铁建设成本将减至440亿令吉，但路线却略作调整。首相特使敦达因上周五在北京与中方正式签署协议，首相敦马哈..."
"453",453,NA
"454",454,NA
"455",455,"希望联盟上台后着手检讨各项大型计划，首相马哈迪一度放话叫停隆新高铁，但之后澄清只是展延并非取消。日前，马来西亚和新加坡政府终于达成协议，同意展延隆新高铁两年，而前者须在2019年1月杪之前，支付1500万新元（约..."
"456",456,"（吉隆坡25日讯）马华登州联委会主席拿督杜振耀提出，基于希盟政府近日针对数个大型计划或政策都采取U转的态度，特别是东铁计划从取消又改为重新磋商，令各方感到混淆，因此财政部长林冠英有必要交代，政府是否仍继续..."
"457",457,"（布城15日讯）首相敦马哈迪医生说，大马铁路衔接私人有限公司（MRL）与中国交通建设股份有限公司（CCCC）正式签署合约后，东铁就会立即复工。 他说，东铁预计会在2026年12月31日竣工。 他今午在一项记者会说，大马政府会....."
"458",458,"（吉隆坡12日讯）中国驻马来西亚大使馆今日说，东海岸铁路项目是个有利于马来西亚经济社会发展和互联互通建设的好项目。 中国大使馆在面子书贴文说，东铁建成后将成为马来半岛东西海岸之间的主要交通干线，将有力促进..."
"459",459,"（布城24日讯）首相敦马哈迪医生说，他刚从外国回来，并不知道政府被指已终止与中国承包商中国交通建设有限公司（CCCC），承建东海岸铁路项目工程协议的报道。 他说，若有关承建协议被中止，政府将会依据中止的协定作....."
"460",460,"（芙蓉13日讯）森美兰州政府以前朝国阵政府所制定的大马宏愿谷为构架，推出大马宏愿谷2.0（MVV 2.0），综合海、陆、空的公共交通枢纽为发展主轴，纳入高科技工业及专业领域，重拳出击。 发展面积达15万3411公顷的大马宏愿....."
"461",461,"（东京12日讯）首相敦马哈迪医生之前宣布取消的隆新高铁计划，今天出现转机，因为他表明只是推迟这个项目，而非完全放弃。 他在接受“日经亚洲评论”访问时，表示相信马来西亚可从这个项目中受益，而且还主张建设一条..."
"462",462,"（布城15日讯）中国交通建设股份有限公司（CCCC）同意退还东海岸铁路项目第二阶段工程高达31亿令吉的部分预付款项予大马。 首相敦马哈迪医生说， 中国交建在上周五签署附加协议后的一个星期内先退还5亿令吉予大马，接着...."
"463",463,"下棋的人，有时在局者迷，往往不能清晰的想如何走下一步，如何出奇制胜，也看不出对手布下的陷阱。反而是在旁者，所谓“旁观者清”，往往可以料到对手的下一个动作，或者的如何走出困局，击败对方。 但是，大家下棋....."
"464",464,"（八打灵再也19日讯）国内专家指出，无论从经济或交通规划角度考量，取消隆新高铁计划，并致力提升现有双线电动火车（ETS）服务的做法，都是最理智的决定。 城市土地运用兼交通规划专家吴木炎指出，提升现有双线电动火..."
"465",465,"当东海岸铁道计划（ECRL）重新启动，许多投资者已在猜测政府之后是否会继续U转。从轻快铁、捷运，到东铁，政府最终的目的不是终止这些计划，而是继续完成它们。为什么呢？回顾在5·09之后，一些经验老到的投资者，事先....."
"466",466,"（吉隆坡18日讯）网媒theedgemarkets.com引述消息报道，指政府已终止与中国承包商中国交通建设有限公司（CCCC），针对810亿令吉东海岸铁路项目签订的工程、采购、施工和调试协议。 《南洋商报》探悉，该公司正向有关当局确认....."
"467",467,"（吉隆坡17日讯）大马政府允许中国交通建设股份有限公司（CCCC）在承建东海岸铁路计划（ECRL）下减免消费税（GST Relief），以减轻这涉及公共利益的大型项目相关成本。 大马皇家关税局证实上述公司获批准减免消费税。 关税....."
"468",468,"马青副总团长黄子祥指出，随着东海岸铁路重启获得希盟全国大大小小领袖的喝采，证明了东铁计划的可行性与实用性，而之前同样是这批人，针对东铁作出的种种诬蔑与谎言，都不攻自破了。 他说，人民都还记得首相敦马哈....."
"469",469,"我们的领导如果具有敦马的智慧，特朗普的国力，废除东铁合约就容易办了，就可惜徒有智慧没有国力，处理起来很费力。 我们对东铁似乎又爱又恨，高官说法不一，有时候说我们不需要它，有时候说如果便宜一点我们还是要....."
"470",470,"隆新高铁建或不建，至今仍未有一个决定，我国最新的表态是首相敦马哈迪医生说“新加坡知道马来西亚要做什么”。 事实上，我也不知道我国要做什么，因为在建或不建的问题上，我国的立场相当模糊。 新加坡基础建设统筹...."
"471",471,"（香港28日讯）国际贸易及工业部副部长王建民博士指出，随着大马与中国针对东海岸铁路计划恢复谈判，这显示希盟政府还是非常渴望与中国做生意。 首相4月访华 《南华早报》报道，王建民前往香港出席亚洲经济贸易峰会接...."
"472",472,"（吉隆坡25日讯）马青总团长拿督张盛闻抨击，政府不仅宣言承诺不断跳票，在国家政策上也不断急转弯。 张盛闻发文告说，首相敦马哈迪医生在北京的记者会上喊停东海岸铁路计划（ECRL）还言犹在耳，回国后却又立场急转弯....."
"473",473,"继“炮打”中国这个远方的朋友之后，前首相马哈迪医生再“杠上”近邻新加坡。 日前接受《联合早报》访问时，马哈迪表示，一旦他所领导的希望联盟在大选获胜，新政府将检讨隆新高铁，甚至重新谈判大马向新加坡售卖的....."
"474",474,"2019年7月10日 | 百格大事纪"
"475",475,"百格新闻 | 东铁复工"
"476",476,"（八打灵再也29日讯） 东海岸铁路计划（ECRL）余波未了，首相敦马哈迪医生今晚表明，政府还未对有关计划作出“最终定夺”。 “还未作出决定。我们觉得我们应该给予时间予所有人士，为有关问题提出解决方案。 “我还没资..."
"477",477,"（北京23日讯）承建我国东海岸铁路计划的中国交通建设股份有限公司（CCCC）高层首度开腔，该集团极为理解马来西亚政府因财务问题而做的考量，因此认为可通过再优化合约的方式，继续推进这个项目。 该公司副总裁孙子宇....."
"478",478,"（布城5日讯）隆新高铁计划下的第一列高铁，预计将于2031年1月1日开跑！ 这比原订的开跑日期2026年12月31日，迟了整整4年又一天。 根据马新两国今日针对隆新高铁项目发出的联合公告，随着隆新高铁展延至2020年5月31日，马新....."
"479",479,"（文冬22日讯）耗资550亿令吉，全长688公里的东海岸铁路计划如火如荼进行中，文冬云顶山脚至雪州鹅麦的17公里隧道工程因涉及花岗石山脉，因此必须动用来自中国的盾构机（钻洞机）挖掘。 该盾构机将于今年11月才从中国运....."
"480",480,NA
"481",481,"（吉隆坡19日讯）由于东海岸铁路计划将作为陆路运输的桥梁，促进货运交易，并减少巴生和关丹港口之间的运输时间，因此与乘客量相比，东铁计划的货运更有利可图。 政府顾问理事会主席敦达因说，由于川行时间减少及可靠..."
"482",482,"（吉隆坡2日讯）前首相拿督斯里纳吉质疑有公司能以100亿令吉建造东海岸铁路计划（ECRL）之说，直言若该公司真有这能力，等同比日本新干线及其他中国公司更厉害。 政府大刀阔斧地检视国内大型工程计划后，纳吉再次捍卫东..."
"483",483,"大马衔接铁道公司（MRL）一声令下，跑得挺快的东铁（ECRL）工程暂时“脱轨”，所有参与的本地分包商、供应商及顾问公司合约损失惨重，数以千计受聘的本地专业与技术员工和特别培训计划的学员也陷困，受影响的也包括因....."
"484",484,"近日，新政府重新检討了前朝的公共交通计画，目前已经搁置或取消了隆新高铁和第三捷运计划，第三轻快铁线也因为成本问题，被財政部大砍。成本价从316亿5000万令吉减少至166亿3000万令吉，省下150亿2000万令吉。 当局表示，....."
"485",485,"（吉隆坡26日讯）希盟政府对于东海岸铁路计划是否已取消的课题竟出现两套完全不同的说词，引起反对党领袖“见机出击”。 马华总会长拿督斯里魏家祥博士说，他感到震惊，两名高级部长即财政部长林冠英和经济事务部长拿..."
"486",486,"（双溪龙16日讯）政府顾问理事会主席敦达因明日赴中国，商讨被政府指示停工的东海岸铁路计划（ECRL）。 中国驻马大使白天说：“敦达因应该是明天去中国吧，相信此行双方可以找到一个双赢方案。” 询及首相敦马哈迪医生8..."
"487",487,"（吉隆坡4日讯）东海岸铁路总承包商中国交建证实接获东铁暂时停工的通知，并指2250本地员工数百家二手承包商、供应商与顾问公司的生计将受停工令影响。 中国交建希望大马尽快取消这项停工令，并与大马衔接铁道公司谈判..."
"488",488,"（布城30日讯）内阁今日议决，取消隆新高铁合约及搁置捷运第三路线（MRT3）工程。 首相敦马哈迪医生说，内阁同意取消隆新高铁项目合约，而最终的决定还需要视与新加坡政府商讨的结果。 “不只是隆新高铁及捷运第三路线...."
"489",489,"（劳勿22日讯）马华副总会长拿汀巴杜卡周美芬表示，最近有声音要求检讨与中国之间的经济合作关系，包括取消东铁等计划，若是真的发生，将导致经济发展停滞不前。 “我们要有好的生活，国家经济须持续发展，并加深及扩..."
"490",490,"（文冬28日讯）希盟行动党文冬区国会议员黄德指出，东海岸铁路（NCRL）计划最终是否取消或搁置至今尚未有定案，个中原因乃造价昂贵及雪州政府不批准由鹅唛至巴生港口的铁路工程。 他知道本区域尤其是文冬人民对东铁向....."
"491",491,"（八打灵再也10日讯）阿里巴巴集团董事局主席马云预计本月内来马拜会首相敦马哈迪医生，“抢救”他与前朝政府合作的数字自由贸易区（DFTZ）计划。 消息向“透视大马”说，早在2周前，马云通过我国一名企业家安排与马哈...."
"492",492,"（吉隆坡3日讯）马华副总秘书拿督斯里黄日昇认为，政府有责任重新检讨隆新高铁方案，若认为高铁利益成本并不符合经济效益，可与新加坡重新谈判，以双赢原则探讨如何调整计划细节，而非武断地单方面喊停。 他认为首相...."
"493",493,"（吉隆坡20日讯）对于东海岸铁路计划在第14届全国大选成为课题之一，物流业者促从政者把“政治之手”抽离东海岸铁路计划（ECRL），因为以专业眼光来看，东铁有助于进一步扩充大马的物流业。 马来西亚物流师协会总会长曾..."
"494",494,"▌热点 X 前线▐ 东海岸铁路计划是废除，还是保留？关键人物财长林冠英会如何回应这件事。

#东铁计划 #去还是留 #林冠英
#发射热点 #84hotspot #热点前线

快到我们新网站逛一逛 www.hotspot.com.my:=:https://hotspot.com.my/home"
"495",495,"（吉隆坡10日讯）隆新高铁或重启，市场猜测原本将建设高铁终点站的大马城也会随之复活，让依海城（IWCITY，1589，主板产业股）和怡克伟士（EKOVEST，8877，主板建筑股）两大“林刚河概念股”今日应声飙涨，成交量皆过亿。 原..."
"496",496,"（布城8日讯）针对《华尔街日报》最新报道揭露中方提出纾困一个马来西亚发展有限公司（1MDB）基金，以获得前朝国阵政府回报由中资企业承建东海岸铁路计划（ECRL）及沙巴天然气输送项目，希盟政府将彻查这些指控。 财政....."
"497",497,"（吉隆坡31日讯）中国祝贺大马迈入第61周年国庆，并再次认可首相敦马哈迪医生早前访华行达致的成果，双方一致同意在新起点上打造马中务实合作新格局，做贸易投资的伙伴、产业合作的伙伴及创新发展的伙伴，实现互利双....."
"498",498,"（瓜拉登嘉楼5日讯）登嘉楼中华总商会会长拿督刘保章认为，大马衔接铁道公司（MRL）指示东海岸铁路计划马上停止的做法，已影响到国家的国际形象和诚信度。 “同时，这对我国的商家到中国去开拓市场时会有一些程度上的...."
"499",499,"（吉隆坡2日讯）前首相拿督斯里纳吉质疑财政部长林冠英就国债和隆新高铁成本所提出的数字，并表示这些数字并不准确。 纳吉也是财政部前部长。他今日在其面子书专页发文说，他视林冠英的举措含政治目的。 “现在的焦点..."
"500",500,"（吉隆坡20日讯）首相拿督斯里纳吉矢言，不会让反对党破坏国阵继续发展东海岸和利惠当地人民的工作。 他说，东海岸铁路计划工程前后为东海岸带来许多好处，包括为当地人民提供工作机会及提高当地房地产价值。 纳吉在....."
"501",501,"（八打灵再也30日讯）尽管东海岸铁路计划的“命运”仍充满变数，但总承包商中国交通建设有限公司（CCCC，简称交建）据说仍坚持一套友好的解决方案，包括将工程费用从原本的约700亿令吉大砍至400亿令吉、 同意本地商家的....."
"502",502,"（吉隆坡15日讯）上月初喊停的东海岸铁路是否复工，目前仍未有定案。 财政部长林冠英说，政府仍未决定是否继续东铁的工程，这取决于目前进行中的各项讨论结果而定。 他指出，雪兰莪州政府正申请将位于鹅麦的吉冷结石....."
"503",503,"（吉隆坡22日讯）东海岸铁路计划（ECRL）员工中约有上千名大马人被辞退一事，行内人士指他们大多数是领取日薪的非熟练员工。 《星报》引述消息说，接获停工令后，有关承包商有必要进行裁员，但这些被裁者可以随时再次....."
"504",504,"（八打灵再也5日讯）马来西亚高铁机构（MyHSR Corp）宣布，已完成委任国内隆新高铁项目工程交付伙伴的招标工作，并已从中挑选2家财团负责开发基础设施相关工程。 该机构今日发表文告指出，马资源（MRCB，1651，主板产业股）..."
"505",505,"一项能够联通两国、创造双赢、“全面改变”马来西亚与新加坡互动格局的高铁项目，已经签订合约并进入筹备运作阶段，说取消就可能取消了（后来马哈迪改称为搁置），说起来宛如儿戏，确实让人有点震惊！ 毕竟隆新高铁....."
"506",506,"（文德甲5日讯）东海岸铁路复工，文德甲经济起飞的希望，死灰复燃！ 文德甲经济发展缓慢甚至停滞不前，可从近20年来其周遭各县的市镇包括文冬、劳勿、而连突和百乐直凉等迅速崛起甚至超越，可见一斑。 然而，2017年动工..."
"507",507,"（哥打峇鲁30日讯）吉兰丹州政府期望中央政府重新检讨搁置东海岸铁路计划的决定，若中央政府担心制造费太高，可再商讨。 吉兰丹副州务大臣拿督莫哈末阿马说，上述计划能带来高度的经济发展，铁路带来的经济发展不容小..."
"508",508,"▌热点 X 前线▐ 林冠英今天就大马产业展召开记者会，虽然内阁昨天已经对东铁计划下了“封口令”，不过大家还有什么问题想要问财政部长的吗？

#东铁计划 #大马产业展 #林冠英
#发射热点 #84hotspot #热点前线

快到我们新网站逛一逛 www.hotspot.com.my:=:https://hotspot.com.my/home"
"509",509,"（吉隆坡7日讯）根据MIDF研究报告，耗资440亿令吉的东海岸铁路计划预料为大马经济增长贡献2.7%。 MIDF研究在今天发布的研究报告中说，该计划预料在开始动工至竣工期间推动经济成长。 “无论如何，完整估计的国内生产总值（..."
"510",510,"（吉隆坡8日讯）前首相拿督斯里纳吉表示不解为何参与隆新高铁计划的4家公司被指是他的“裙带伙伴”，而至高铁计划延迟令他大感“不满”的流言。 纳吉说，被指与他有裙带关系的公司包括金务大、马资源、杨忠礼机构及TH...."
"511",511,"（吉隆坡16日讯）以敦达因为首的政府顾问理事会，马不停蹄的工作，今日下午2时30分开始，将会见财政部、国内贸易、合作社及消费人事务部、首相属经济策划单位、东海岸铁路公司、公共私人领域合伙单位（UKAS）、马来西亚..."
"512",512,"（吉隆坡11日讯）信评机构惠誉旗下研究部门BMI 研究认为，若新任首相敦马哈迪医生决意取消、暂时搁置或检讨中国在大马展开的大型发展计划，大马建筑业将会受到冲击。 BMI研究不认为希盟政府会取消东海岸铁道计划、隆新....."
"513",513,"（文冬、哥打峇鲁6日讯）东铁工程喊停，地方上对中国籍员工各类粮食供应量减少，惟冲击并不大。 各界希望停工令只属暂时性，并在短期内得以复工，以扩大贩商的商机。 文冬东铁第7部分工程主要营地坐落在加叻路胡姬岭....."
"514",514,"马青署理总团长陈志雄认为，国际贸工部副部长王建民声称东铁计划的颁发是“例外”，并指“工程未来必公开招标”，根本是为政府背书。显示政府所谓的公开招标，只是向人民宣传新政府的一个形象工程。 他表示，王建民....."
"515",515,"近年我国大兴土木，建捷运和延长轻快铁线，以公交为导向（TOD）和公交毗邻发展项目（TAD）如雨后春笋。 但随着新政府为了减国债，要节省开销，捷运3展延、捷运2和轻快铁3规模缩小，TOD或TAD项目忽然从当红炸子鸡，变得无....."
"516",516,NA
"517",517,"（布城5日讯）紧接着东海岸铁路接获暂时停工令后，大马今日再宣布对涉及中资的另2大项目发出暂停工程与服务指示。 这两个项目分别是多元石油产品输送管（MPP）及沙巴天然气输送管（TSGP），涉及的中国公司为中国石油管....."
"518",518,"（吉隆坡17日讯）分析员认为，中国一带一路倡议对大马利多于弊，其中基建和建筑领域为最大受益者，而物流、银行、汽车及消费领域也从中受惠。 野村证券分析员指出，从东盟国家来看，大马受惠最大，所获得的投资，会占..."
"519",519,"我国今年5月变天之后，隆新高铁项目就陷入一波三折之中，令人欣慰的是，经过协商之 后，马新两国签署了隆新高铁项目延期两年的协议。 两国也协定，如果未能在2020年5月31日之前重新启动，这个双边项目将被视为终止。 换...."
"520",520,"（吉隆坡10日讯）交通部长陆兆福指出，尽管东海岸铁路计划建筑成本从655亿令吉减至440亿令吉，但其规模没有缩小。他说，如今东铁只是不继续进行哥打峇鲁—..."
"521",521,"（巴生25日讯）大马与中国针对东海岸铁路计划进行的谈判，若建造价格合适，东铁计划将重新启动。 首相敦马哈迪医生表明，如果大马与中国能够在价格方面达致共识，我国会继续推行这项工程。 “不过，大马与中国还未就....."
"522",522,"（吉隆坡23日讯）针对有报道称政府正在寻找新的承包商来取代原本获得建设东海岸铁路计划，取代合约中的中国交通建设股份有限公司，民政党主席拿督刘华才说，希盟政府应该向民众解释，尤其是彭亨、登嘉楼和吉兰丹州的...."
"523",523,"（哥打峇鲁11日讯）首相拿督斯里纳吉说，尽管吉兰丹州由反对党执政，但是他还是积极发展吉兰丹，包括带来东海岸铁路，这是在前首相敦马哈迪医生领导国家时期不曾发生的。 他说，东铁计划将让国家经济增长率提高至少1.5..."
"524",524,"（吉隆坡23日讯）大马铁路衔接私人有限公司（MRL ）今天驳斥传言指中国交通建设股份有限公司（CCCC）在东海岸铁路计划中，将获得州地方政府的矿物及矿务权。 MRL 发文告强调，州地方政府才是在东铁工程中，获得所有矿物及..."
"525",525,"（八打灵再也21日讯）首相办公厅媒体及通讯顾问拿督卡迪贾辛认为，一旦希盟政府选择取消东海岸铁路计划，那大马与中国之间的关系势必受到破坏，同时也会导致双边贸易带来负面影响。 他今日在《光芒日报》发表看法时指..."
"526",526,"（槟城30日讯）马来西亚一带一路研究中心主席拿督谢诗坚博士预测，目前被搁置的隆新高铁与东海岸铁路计划（ECRL）预计将在首相敦马哈迪医生于今年4月第二度出访中国出席一带一路高峰会后与中国政府达成协议，开花结果....."
"527",527,"（吉隆坡23日讯）马华妇女组副主席拿督王锺璇说，首相访华宣布取消东铁和沙巴和甲州的天然气管道计划，政府应对外解释，该如何解决问题，包括如何解决已动工的工程的善后工作。 她发文告说，东铁计划在喊停前已进行中..."
"528",528,"（北京15日讯）中国外交部敦促马来西亚通过友善磋商，处理双方合作上的问题。 即将在本月17至21日访问中国的马来西亚首相敦马哈迪医生日前接受美联社访问时指出，大马其实并不需要东海岸铁路计划（ECRL）及苏利亚策略能...."
"529",529,"（吉隆坡18日讯）马华署理总会长兼亚依淡国会议员拿督斯里魏家祥博士促请希盟政府，有必要说明为何紧咬隆新高铁计划实际总成本为约1100亿令吉的要点，而非让人民知其然而不知其所以然。 魏家祥今日在国会走廊指出，本....."
"530",530,"（吉隆坡16日讯）首相敦马哈迪改口，隆新高铁计划只是“延后”，但分析员仍担心，马新两国人口不够多，加上高铁票价昂贵，乘客数量可能不佳，短期内达收支平衡的难度相当大。 彭博智库分析研究中心（Bloomberg Intelligence....."
"531",531,"一条铁路，一纸合约，掀起两国政经风云？ 希盟政府上台后的第一个大动作，即对多项大型外资合作项目喊停，涉及投资数额是惊人的逾千亿令吉，各种猜测与分析纷沓而至，尤其中资参与的重要基建项目，顿时被卷入前朝政....."
"532",532,"（吉隆坡30日讯）纳吉对首相敦马哈迪医生宣称“大马将无法从高铁项目赚取一分钱”的说法，感到十分震惊。 “我要问（首相敦）马哈迪医生，没有收取过路费的泛婆罗洲高速公路和彭亨中枢大道工程，以及轻快铁、捷运及单..."
"533",533,"首相马哈迪北京之行，博得马中双方官民一致称许，如今兴奋逐渐平静下来，该是两国开始进入兑现外交桌上所作承诺的时候。 再仔细检视首相这趟身负重任的外交行程，可以找出三项明显的特点。 一、没有成群工商企业界要...."
"534",534,"（吉隆坡18日讯）经济事务部长拿督斯里阿兹敏阿里揭露，前朝政府没透露隆新高铁计划的隐藏成本。 他指该计划真正的估计成本高达1100亿令吉，而非国阵前朝政府之前所宣布的550亿令吉。 “刚才所提到的550亿令吉是计划成本...."
"535",535,"（关丹4日讯）东海岸铁路（ECRL）计划的命运如何，令关丹华社领导非常关注。他们支持政府和中方展开谈判看如何降低东铁建造费，但认为这项计划千万不可喊停。 虽然是前朝政府推行的东海岸铁路（ECRL）计划，关丹华社领....."
"536",536,"（新加坡10日讯）马来西亚大选出现变天，新加坡政府将继续密切关注大马政坛进展，并与对方一同推进双边关系。 新加坡贸工部长陈振声周四针对马来西亚大选变天，希盟赢得过半国会议席，并将组成政府之事发表看法。 与....."
"537",537,"最近有媒体报导形容，施工中的泰国邦苏火车站是“泰国巨兽”，这座火车站是东南亚最大的火车站，集远程火车站、高铁站和机场快线轻轨等各种铁道系统。邦苏火车站不仅是东南亚最大的火车站，更被视为是泛亚铁道交汇点..."
"538",538,"首相敦马哈迪在上任一个月以来，以国债高筑为由，而宣布腰斩数项前朝政府所策划或批准的大型计划，这当中有马新高铁、捷运三号线和双轨铁道基建工程等计划，而东海岸铁路则命运未卜。 除了国债高筑的理由，大型计划....."
"539",539,"（吉隆坡15日讯）大马投资发展局（MIDA）已成立一个专职小组，以推广东海岸铁路计划沿线的工业园、基建、物流枢纽，以及公共交通导向发展。 大马投资发展局今日发表文告说，该局成立这支内部小组的目的，是推动、评估....."
"540",540,"（吉隆坡8日讯）政府顾问理事会主席敦达因说，马来西亚与中国是友好伙伴，因此在处理东海岸铁路项目遭搁置问题上非常棘手，因为不希望任何一方感到难受。 他说，不过，只要给予时间，问题始终将迎刃而解。 他坦言，自..."
"541",541,"（吉隆坡6日讯）随着隆新高铁计划展延到2020年5月31日再动工，分析员直指，搁置计划仍带来负面影响，铁路工程合约流量将陷低迷。联昌国际投行研究分析员说：“我们维持该领域‘减持’评级，即便该计划在2020年再动工，该..."
"542",542,"（吉隆坡3日讯）大马高铁机构促请各界勿政治化隆新高铁项目，它不仅惠及本地与土著承包商，也为毕业生及青年提供高技术质量的就业机会，若有任何变卦政府或须承担数十亿令吉的天价赔偿额。 该机构集团总执行长拿督努...."
"543",543,"（布城27日讯）承建东海岸铁道计划的中国交通建设股份有限公司，宣布拨出1000万令吉，作为铁道路线经过森林保护区的保护野生动物管理基金。 天然资源及环境部长拿督斯里旺朱乃迪博士说，东铁最初路线设计影响约2000公顷...."
"544",544,"马华彭亨州联委会秘书郭大雄指出，东铁路线被中途窜改，不再接通东海岸与吉隆坡心脏地带，反而途经日叻务、瓜拉格拉旺、万宜、加影、布城等，无关重点经济发展的城镇，已经失去实际意义，也证明新政府刻意打压和歧视..."
"545",545,"（哥打峇鲁14日讯）东海岸铁路带旺敦蓉新市镇，敦蓉新市镇机构与私人界合作，圈定敦蓉东铁站邻近区内的110英亩地段，发展总值13亿令吉的综合性发展项目。随..."
"546",546,"（吉隆坡8日讯）达因说，一个马来西亚发展有限公司（1MDB）案关键人物刘特佐曾献议，协助大马与中国就东铁项目进行谈判，但他断然拒绝。 他接受《南华早报》访问时说，“当我在中国进行重要会谈时，刘特佐曾联络我，表..."
"547",547,"本月12日宣布东海岸铁路复工后，短短不到两个星期内，政府再宣布重启大马城计划。这显示，掌权将近一年后，希望联盟政府看来已做好准备，重启一部分的建筑开销引擎，以协助支撑经济。 我相信，政府检讨其他各项工程，..."
"548",548,"（吉隆坡24日讯）大马莱坊董事经理沙古南苏巴马廉说，东海岸铁路及大马城复工，令大马市场与经济恢复信心，尤其是产业市场会活跃起来，已见底的国内产业市场，会开始好转起来。 “这是希盟政府执政近一年作出的改变，..."
"549",549,"（吉隆坡24日讯）世界银行看好我国重启东海岸铁路计划（ECRL）及大马城计划两大基建项目，中短期内有助于提振国内经济发展。 世银大马经济学家理查德力科，今日在《东亚及亚太区经济进展报告》汇报会说：“毋庸置疑，....."
"550",550,"（香港10日讯）中国交通建设位于马来西亚的东海岸铁路项目目前仍在停工中，公司董事会秘书、公司秘书周长江今日在业绩发布会上称，该项目是中马两国签订的一带一路范围项目，中国政府提供了很大贷款支持。 他又指，公..."
"551",551,"（吉隆坡19日讯）柔佛王储东姑依斯迈今日促请希望联盟政府继续推动隆新高铁项目。 他接受新加坡亚洲新闻台访问时指出，隆新高铁项目可以推动国家经济。 “我认为这是一个非常积极的项目，我们应该继续，因为它不仅会....."
"552",552,NA
"553",553,"5·09大选后，国家政权首次更替，执政党纷纷成为在野党，彭亨州从万众瞩目近水楼台的首相州沦为反对党，州政府化作在野党。 过去半年，无论经济或政治结构上的负面改变极度彰显，好在提早变成“元首州”，期望会有一番..."
"554",554,"首相敦马哈迪医生从本月17日起，对中国展开5天访问，从他行程密集的访华行程中，再次印证他那很日本式的工作精神。对于高龄93的马哈迪，他这次访华行程中，不只是会见中国领导人、见证双边签约等官方活动，而是花更多...."
"555",555,"e南洋民调"
"556",556,"（吉隆坡12日讯）东海岸铁路40%土木工程公开让本地公司投标，于上月29及30日举行的资格预审程序反应热烈，吸引全马多上千家建筑公司提呈登记文件。东铁项..."
"557",557,"希盟政府上台不久，首相敦马就狠狠砍掉东铁项目。但辗转将近一年，东铁竟然又复活了！造价从660亿令吉减至440亿令吉，路线也稍作调整。这样的结局，可谓峰回路转，柳暗花明，对于把东铁视为一带一路战略的中国而言，当..."
"558",558,"（香港17日讯）“山竹”吹袭后，香港多处树木倒塌导致架空电缆受损，港铁来往大埔墟站至上水站列车服务暂停，加上九巴接近全面停驶，今早新界区交通陷入前所未见的大混乱。 港铁东铁线车站挤满心焦如焚的上班人潮，民..."
"559",559,"（布城10日讯）首相敦马哈迪医生说，虽然大马政府还没有给予新加坡政府有关隆新高铁项目搁置全面通知，不过，新加坡已知道我国会做出如何的决定。 “要对隆新高铁项目作出决定并不容易，若我们宣布决定，市场会很快作..."
"560",560,"东海岸铁路工程7月4日起暂时停工了，意味着停工造成的损失，必然会加剧项目的成本，而且竣工日期将变得遥不可及。 东铁是已经动工的前朝国阵政府的重大项目之一，俗语说“开弓没有回头箭”，可是政治的角力硬硬把弓箭..."
"561",561,"（新山5日讯）东铁暂时停工，导致中马铁路人才培训合作计划（PLKI-ECRL）的学员受影响，教育部长拿督马智礼博士指出，他将与财政部长林冠英商讨此事。 《南洋商报》记者今午致电马智礼，寻求他的看法，记者较后以手机应...."
"562",562,"（吉隆坡30日讯） 前首相拿督斯里纳吉抨击希盟政府仓促取消隆新高铁（HSR）计划，是为了对个人或国阵进行报复，而没看到大马经济发展的未来前景。 他周三晚在面子书上“火力全开”，发长文炮轰政府在取消隆新高铁后，....."
"563",563,"（吉隆坡14日讯）分析员指出，刚赢得轻快铁第三路线合约的IJM（IJM，3336，主板建筑股），如今手持97亿令吉的创纪录订单，相信东海岸铁路和隆新高铁的合约，也是囊中之物。 IJM昨日获国家基建公司（Prasarana）颁发轻快铁第三..."
"564",564,"如今希盟政府放弃文冬站，《文冬新政》兴建的东海岸铁路，如同自己打自己的嘴巴，而彭亨行动党非但不向选民认错，还要继续掰下去，如今非政府组织诉求抗议表达民意，而马华站出来支持，李政贤却反过来指责并炮轰非政..."
"565",565,"（吉隆坡5日讯）中国交建马来西亚东海岸铁路项目总经理部说，关于东海岸铁路（ECRL）项目，最近有媒体报道和揣测项目将在不久后复工一事，并不属实。 “我们一直致力与马来西亚政府寻求共同立场，并达成双赢的解决方案..."
"566",566,"（吉隆坡18日讯）马新两国签署的隆新高铁计划协议下，大马或新加坡都有权撤销该计划！ 经济事务部长拿督斯里阿兹敏阿里说，总检察署已审阅了马新两国所签署的隆新高铁双边协议，根据该协议，其中一方有权撤销隆新高铁..."
"567",567,"（吉隆坡26日讯）为了平息谣言，大马富豪丹斯里陈志远决定，将全数脱售手持的东海岸铁路承包商——T7全球（T7GLOBAL，7228，主板贸服股）股权。 陈志远上个月15日通过场外交易，收购了T7全球的2100万股或5.04%股权，晋升为大股..."
"568",568,"（北京28日讯）马来西亚对华特使陈国伟指出，中国国家主席习近平与首相敦马哈迪医生会面时，曾提及两国应致力推动“两国双园”的发展，为两国经贸创造效益。 他指出，习近平也提及中国将支持大马的农产品及渔业发展，..."
"569",569,"（布城15日讯）大马铁路衔接私人有限公司（MRL）与中国交通建设股份有限公司（CCCC）正式签署合约后，东海岸铁路计划预计最快在5月复工，并延迟至2026年12月31日竣工。 首相敦马哈迪医生说，东铁会尽快复工，最新的完工日....."
"570",570,"（布城15日讯）首相敦马哈迪医生说，大马与中国政府继续东海岸铁道项目，与交换一个马来西亚（1MDB)案通缉犯刘特佐无关。 “这与1MDB案没有一点关系，当然，我们会寻求中国政府协助寻找到他的下落。” 他今午向媒体汇报....."
"571",571,"（八打灵再也19日讯）中国驻马大使馆经济商务参赞处二等秘书方韬指出，亚洲基础设施投资银行（AIIB，简称亚投行）计划提供融资予参与大型基础设施项目的马来西亚企业，包括参与隆新高铁项目的企业，即使最终得标企业不..."
"572",572,"新政府上任一周年，经济问题仍然一箩筐。 好不容易解决了东海岸铁路问题，另一边厢的原棕油市况至今毫无改善，生活成本和青年就业机会也依旧如此。 如今，我们还得面对另一个残酷的现实：我国出口竞争力如今已远远落...."
"573",573,"鉴于全球经济增长比预期缓慢，国际货币基金(IMF)呼吁各国政府，为可能到来的经济风暴做好准备。 IMF总裁拉嘉德形容，贸易紧张和关税问题加剧、金融紧缩、英国脱欧将引发的各种不确定性，还有中国经济加速缓慢，是危害全..."
"574",574,"（日得拉2日讯）财政部副部长阿米鲁丁韩沙说，我国和新加坡仍在商讨隆新高铁计划展延的赔偿数额。 他说，两国将在达致协议后才公布详情。 “展延隆新高铁是两国政府商讨的事项，我们需要等待正式声明。我们有定案后将..."
"575",575,"（吉隆坡29日讯）前首相拿督斯里纳吉对首相敦马哈迪医生指有本地公司献议以100亿令吉承建东海岸铁路计划（ECRL），感到质疑。 他说，以100亿令吉来建造688公里长的东铁，每公里成本只有1450万令吉，若与其他计划相比，这样...."
"576",576,"（吉隆坡1日讯）随着政府取消隆新高铁，马资源（MRCB，1651，主板产业股）和金务大（GAMUDA，5398，主板建筑股）宣布，终止所有相关的合约条款和附件洽谈。 马资源及金务大齐齐向交易所报备，早前被MyHSR企业私人有限公司委....."
"577",577,"（吉隆坡6日讯）金务大（GAMUDA，5398，主板建筑股）财团获颁隆新高铁工程交付伙伴（PDP），合约价值可能高达260亿令吉，有助提振未来展望，激励分析员纷纷喊买。 马来西亚高铁机构（MyHSR Corp）昨日宣布，2家财团获选成为隆...."
"578",578,"（淡马鲁28日讯）文德甲州议员胡智云说，希盟政府致力落实各项利国惠民的政策包括重启东铁计划，经济重返正轨，指日可待。 他日前出席淡属兴安会馆37周年庆致词时这么说。 淡属兴安会馆庆周年 他说，全球经济放缓以及....."
"579",579,"（八打灵再也27日讯）随着马中重新谈判并达成启动440亿令吉造价的东海岸铁路计划后，中国承包公司最近已开始展开隧道挖掘工程。 《星报》引述消息指出，该隧道工程是从龙运延伸至文德甲。 预计大马承包商将于未来几个....."
"580",580,"（关丹14日讯）华总会长丹斯里方天兴说，东海岸铁路计划（ECRL）的落实，对东、西彭区的人民可以直接通过东铁抵达布城，也很便利的通往首都国际机场，对要往中央政府部门办事或出国者旅游公干者而言，增加一个先进、快..."
"581",581,"（北京23日讯）中国交通建设股份有限公司（CCCC）副总裁孙子宇说，该集团极为理解马来西亚政府因财务问题而做的考量，因此认为可通过再优化合约的方式，继续推进东海岸铁路计划。 他指出，优化部分可包括路线规划、双....."
"582",582,"(吉隆坡23日讯）巫统副主席拿督斯里依斯迈沙比里说，首相敦马哈迪医生宣布终止东海岸铁路计划，是在惩罚在第14届全国大选支持反对党的东海岸人民。 “东海岸是反对党控制势力范围，登嘉楼及吉兰丹分别是伊斯兰党执政，..."
"583",583,"（吉隆坡27日讯）马华总会长拿督斯里廖中莱说，他相信政府不会取消目前已停工的东海岸铁路工程，而他希望政府在检讨过程中，不会腰斩东铁计划中的文冬站。 文冬站最关键 他指出，文冬是东海岸之窗，吉隆坡到东海岸的....."
"584",584,"（布城10日讯）首相敦马哈迪医生说，虽然大马政府还没有就隆新高铁项目搁置给予新加坡政府全面通知，惟新加坡应该已知道我国会做出怎样的决定。 他说，大马没有就隆新高铁项目正式回应新加坡，因为作出决定并不容易，..."
"585",585,"（八打灵再也1日讯）首相敦马哈迪医生保证马来西亚将继续成为一个亲商的国家，国内外投资者将获得一视同仁的待遇。 他说，商界一旦面对问题，政府就会去处理。 马哈迪说，各界根本不应担心新政府行动不一致，因为希望..."
"586",586,"（哥打峇鲁14日讯）敦蓉新镇地价高涨，目前每亩地价格高达100万令吉。 首相拿督斯里纳吉说，虽然敦蓉新镇的东海岸铁路站尚未完工，敦蓉新镇的地价已高涨至每亩100万令吉。 纳吉预计东铁工程完成后，敦蓉新镇的地价将再....."
"587",587,"3分钟新闻通：双轨火车取代马新高铁？专家认为大马将得不偿失

首相敦马哈迪宣布搁置估计耗资700亿令吉的马新高铁（或称隆新高铁）计划后，资政理事会随即提出了一个替代方案，即政府只需耗资200亿令吉，来提升现有的双轨火车（ETS）的设施，就能同样从大马的铁路衔接去新加坡，还可以省下500亿令吉的成本。

乍听之下，这个替代方案好像不错。但一个是先进的高铁，一个是技术相对低端的双轨火车；高铁与火车，除了速度和成本的比较，更关系到国家的未来发展，两者能相提并论吗？专家可不这么认为了。

专家说，在马新周边国家发展区域高铁路线之际，如果大马采纳上述建议，很可能只会获得短期利益，长远来看会得不偿失。

亚洲铁路公司工程总监Phillip Peachy表示，要提升现有的铁路轨道并不容易，像是需要沿著轨道路线把弯道弄直，才能加快列车的速度。另外，新建的轨道还必须打地基和规划新的排水系统，这是一个耗费庞大又耗时漫长的过程，但更重要是，它永远无法取代高铁。

以效率而言，高铁速度可达每小时320公里，只需90分钟就能从吉隆坡抵达新加坡；但是双轨火车速度只有每小时200公里，需要130分钟（2小时10分钟）才能抵达新加坡。两者岂可同日而语？

交通经济学家Walter Theseira则表示，长远来看，未来20、30年，东盟国家将能从区域內的综合高铁系统获益。如果到时马新两国缺乏相应的高铁系统，恐怕就会落在后头了。

只要观察大马的周边国家，如泰国在2017年底已经启动和中国的中泰高铁计划，印尼也有衔接雅加达（Jakarta）到万隆（Bandung）的高铁计划。正当中国的复兴号时速可以达到400公里时，美国的超级高铁也传出时速可达1200公里。难道我国依然把大部分资源投入在时速200公里的双轨火车？

马华认为，希盟政府应从成本、技术和可行性角度探讨，不一定要否决兴建高铁，反之马新双方可重新进行谈判，并探讨更理想的方案，以双赢的方式，为马新两国人民谋取福利，以拟定符合国家长远利益的计划。

#3分钟新闻通"
"588",588,NA
"589",589,"（新加坡20日讯）隆新高铁和柔新地铁皆受具法律约束力的双边协定管束，除非新加坡与马来西亚两国同意更改条例，否则双方必须履行协定的条款。新加坡总理李显龙在该国国庆群众大会上谈及大马政权更替后的新马关系，指...."
"590",590,"（文冬、哥打峇鲁6日讯）根据大马衔接铁道公司（MRL）消息来源指出，整个东铁工程目前已完成14.84%，工程进度比预期中快。 消息指中国交建（CCCC）在世界各地的工程很多，东铁暂停工程，中国员工相信会暂时调派到其他区进..."
"591",591,"（吉隆坡3日讯）隆新高铁项目在2026年12月完成后，沿途经过的7个地区将受益，分享“指数增长”并将被打造成为大城市。 马来西亚高铁机构总执行长拿督努依斯迈说，当隆新高铁完成后，很多项目将投资在这7个设有停站的城....."
"592",592,"（吉隆坡8日讯）经过重新谈判并达成启动440亿令吉造价的东海岸铁路计划，将于本月25日正式推介已修改的新路线工程。交通部长陆兆福说，经过修改新路线工程后..."
"593",593,"（关丹13日讯）丹那布爹国民型中学董事长拿督朱源安呼吁学子们，若在外国求学学有所成，尤其掌握高端科技，回流大马贡献，向强国科技看齐。 他指出，东铁复工，将带动关丹社区经济效应，而东铁为中国高端技术之一。 ....."
"594",594,"马、新因领海与航空管理权起纷争，两国政治领袖都各自道理纷呈，唇枪舌剑，毫不退让。最猛的发言，当属土著团结党的最高理事莱士胡申，他在一篇文章中警告说：“狮城将为其领海纠纷的立场，承受千刀万剐的痛苦。” ....."
"595",595,"（吉隆坡1日讯）大马对华特使陈国伟强调，即使首相敦马哈迪医生搁置东海岸铁路项目与两个天然气输送管计划，也不会影响马中友好关系。 他指大马当前国库空虚，新任政府债务沉重，若政府继续此三项计划，不但加重大马...."
"596",596,"（新加坡10日讯）新加坡《海峡时报》指出，在取消隆新高铁的课题上，大马模棱两可的决定，长期下来不仅伤害马新两国经济，也将伤害大马本国的纳税人。 该报认为，大马对隆新高铁的拖延态度，不仅将增加成本，政府也可..."
"597",597,"新政府上台已经逾一个月，目前希望联盟政府正在从经济面先行处理，包括整顿国内经济，以及对东铁、隆新高铁等大型工程进行评估；还有的则是前朝的一些弊端，现下也慢慢开始浮上台面。 对新政府来说，国家事务千头万....."
"598",598,"相声爱好者都晓得“一头沉”是对口（两名演员）相声里的一种表现形式，主角和配角的戏份不相称，经常是前者占百分之八十对比后者只占百分之二十。 这种情况若搬到商场，特别是国与国之间的数以十亿计交易上，占小股....."
"599",599,"（吉隆坡19日讯）马来西亚铁道衔接公司（MRLSB）及中国交建马来西亚东海岸铁路项目公司（CCCC）强调，他们并未授权任何代理商或中介为本地承包商作为东海岸铁路（ECRL）项目土建配套的潜在投标者资格预审，ECRL土建配套也....."
"600",600,"  （吉隆坡8日讯）随着东海岸铁路（ECRL；简称东铁）复工，拉法基马（LAFMSIA，3794，主板工业股）早前遭中止的洋灰供应合约也获得恢复，而且合约条件并没有变动。 该公司昨日向交易所报备，周一已接获中国交通建设（东铁...."
"601",601,"（吉隆坡29日讯）经济学家指出，随着大型基建项目复活，将激励下半年的建筑和出口业，我国经济增速有望从上半年的4.5%，加快至下半年的4.8%，以取得全年4.6%的增长率。 兴业投行研究高级经济学家白文春今日在报告中指出，..."
"602",602,"（劳勿11日讯）今天的劳勿非同往昔，劳勿人期盼东海岸铁路计划及中枢大道的“夹攻”下，再借助“猫山王”的魅力推波助澜，将有助带来长期的经济效应。 在交通便利的条件下，不仅为东海岸三州的经济带来发展，劳勿人也..."
"603",603,"（吉隆坡5日讯）国内华商、中企代表及本地经济学者认为，随着东海岸铁路计划及大马城项目重新启动，加上首相敦马哈迪医生日前访华之行等因素深化马中关系，大马料将迎来新一波中资浪潮。 《星报》报道，观察家认为马...."
"604",604,"马来西亚首相敦马哈迪医生星期二结束访华前在记者会上指出，马来西亚决定暂时取消中国贷款支持的东海岸铁路项目和油气管道项目，并称已得到中方的理解。 马哈迪说，马来西亚目前国债高达2500亿美元，无力偿还，而且马...."
"605",605,"（文冬6日讯）东海岸铁路停工代价大，政府受促尽速解除停工令。 东海岸地方领袖担心，这项课题若不妥善处理，将直接打击我国尤其东海岸的经济发展，并破坏我国在一带一路的整体战略位置。 马华彭亨州联委会主席何启文..."
"606",606,"（峇株巴辖11日讯）交通部副部长拿督阿都阿兹表示，新交通系统项目隆新高铁将于8年后投入服务，到时会全面惠及新一代的年轻子民。 他说，要一个国家的经济发展得快，那么这个国家就必须拥有快速和完善的交通系统，眼....."
"607",607,"（文冬23日讯）马华文冬区会主席拿督斯里何启文指出，马华文冬区会将遵照党中央的指示成立监督希盟施政小组，包括纠正文冬国州议员的处事不当。他批评文冬希盟国..."
"608",608,"（八打灵再也17日讯）人民公正党主席拿督斯里安华认为，大马在致力推动数字经济之际，必须让各阶层人士受益。 他今午在出席数字原生代议程讲座中表示，政府不应忘记贫穷群体的困境，因为贫穷群体也推动了国家前进。 ....."
"609",609,"（文冬8日讯）财政部长林冠英指出，政府若推迟宣布展延隆新高铁计划，可能被迫缴付更高的展延费。 因此，他无法理解前首相兼前财长拿督斯里纳吉要政府等到年杪投标结束后，才决定是否展延建议。 “为何须等到年底？若..."
"610",610,"（布城2日讯）随着中国国务委员兼外交部长王毅来马，针对我国首相敦马哈迪医生访问中国行程进行商讨，首相访华行程已正式敲定为本月17至21日。 根据官方消息，马哈迪预计于本月17日抵达杭州，接着于18至21日在北京继续访..."
"611",611,"（吉隆坡16日讯）经济事务部长拿督斯里阿兹敏说，大马将在本月杪前派遣一名官方代表到新加坡讨论隆新高铁计划。 “我正在与新加坡有关当局沟通。 总检察长在上周向我汇报此计划，我也已在上周三提呈（内阁）。 “我们...."
"612",612,"在迎来执政1周年时，希盟政府也开始检讨甫上台时喊停的数项大型基建项目。第一个被重新启动的项目是东海岸铁路，接下来是大马城。不过，原本计划在大马城设立终点站的隆新..."
"613",613,"随着马来西亚首相敦马哈迪医生访华参加“一带一路”论坛，马中经贸合作关系进入新时代。这表现在：马方以更务实和更积极态度参与“一带一路”合作，以东铁为代表的既存项目在进行必要审核和调整后继续大力推进；中方..."
"614",614,"1.已落实/落实中政策 ●废除消费税，恢复销售及服务税 ●政府宣布在8月份推行离境税 ●政府从7月起，征收每公升40仙的含糖饮料税（汽水税） ●首相坚决在2020年前落实国产车3.0计划以振兴国家汽车工业 ●东海岸铁路计划（EC..."
"615",615,"（吉隆坡22日讯）首相敦马哈迪医生指出，政府在处理诸如东海岸铁路计划、朝圣基金局及联邦土地发展局（FELDA）等课题时，务必小心谨慎，避免大马的评级受到影响。 “例如，当我们拨款60亿令吉拯救联邦土地发展局时，评....."
"616",616,"（八打灵再也26日讯）政府高层消息透露，希盟政府执政一个月后就在内阁通过取消东海岸铁路计划，而非某些媒体指本周四内阁会议所作的决定。 消息指出，财政部长只在会议上向内阁成员简报有关议题，取消计划是更早的事..."
"617",617,NA
"618",618,NA
"619",619,"（吉隆坡1日讯）政府今年初成立的债务管理委员会积极设法降低国家债务水平与改善政府债务管理，包括会评估高成本项目和确认需重组的政府担保债务。 财政部发文告说，此措施有其必要，因各财政义务的偿债费用导致政府...."
"620",620,"（新加坡23日讯）新加坡总理李显龙坦然承认，若非马新两国已针对隆新高铁达致了建设性方案，这项课题可能会引发尖锐争议。 他说，他下月将到布城会晤首相敦马哈迪医生，并希望通过这次的非正式会面，能够缔造双赢，加..."
"621",621,"（布城3日讯）东海岸铁路计划（ECRL）最终建造总成本将高达810亿令吉，因此这项备受瞩目的计划必须先过“两关”，才有望获得进一步落实。 根据财政部长林冠英发出的文告，东铁计划必须大幅降低造价，中央政府才能负担得..."
"622",622,"（吉隆坡2日讯）财政部长林冠英指出，隆新高铁的造价几乎是市场平均价格的一倍，但除了兴建成本高昂，过高的高铁保养费，也是促使政府取消隆新高铁计划的原因。 据《南华早报》报道，林冠英说，希盟政府预测隆新高铁...."
"623",623,"（芙蓉30日讯）森美兰州务大臣阿米鲁丁披露，撤销隆新高铁计划虽然会带来一些影响，但为了人民的利益，森州政府会遵循中央政府的决定。 他承认，此计划须耗费庞大的投资成本，而且还有其他方案可替代，政府需考虑的是..."
"624",624,"希望联盟政府执政后，首相和财政部长林冠英就先后抛出了“国债突破1兆令吉”这个充满震撼性又具争议性的数字。

因为尽管国家银行的报告注明国债是6868亿令吉，但财政部长林冠英却打破了国际上计算国债的方式，把【政府担保的债务】和【“公私合伙”（PPP）项目】也列为国债，才得出国债突破1兆令吉的说法。

之后，希盟政府以“国债1兆令吉”这个论点为基础，陆续取消了前朝政府所制定，会为国家带来长远利益的大型基础建设计划，如隆新高铁、捷运三号线等等。

我们明白，国债需要解决。但我们也担心，希盟政府接下来会以国债庞大为由，为日后无法兑现竞选承诺而铺路找藉口。

因此，我们衷心希盟政府，日后不会以“国债1兆”来当作无法兑现承诺的“护身符”，而因此辜负了人民对政府的信任。

作为反对党，马华公会将以建设性的态度，尽力监督希盟政府落实他们所承诺的宣言。

#3分钟新闻通"
"625",625,"（哥打峇鲁9日讯）东海岸铁路（ECRL）虽然得以复工，不过吉兰丹原有5个站却减至2个站，往长远而言，铁路如能衔接至与泰国接壤的道北县，将有助于马泰经贸发展。 吉兰丹大部分商民认为，东铁的终站理应设在道北县，这才...."
"626",626,"马中交流以双赢来总结，让各方猜测又担忧的两国外交前景，带来了大大的喜讯。 尤其是华文媒体，语带兴奋的为东铁和大马城复工表现得极愉悦；当中，利益团体更因为这一步的跨越，指今后两国将进入一个万事好商量的长....."
"627",627,"（新加坡30日讯）新加坡交通部长许文远指出，新加坡和马来西亚将在近期宣布双方就捷运系统和高铁计划所达致的共同决定。 大马经济事务部长拿督斯里阿兹敏周三傍晚起访问新加坡，相信是要继续与许文远就上述计划，展开..."
"628",628,"（吉隆坡18日讯）政府喊停3项涉及中资的大型发展项目，即东海岸铁路、多元石油产品输送管（MPP）及沙巴天然气输送管（TSGP）后，大马反贪污委员会今天在巴生谷13个地点，对涉及有关项目的数家公司展开大搜查。 据可靠消....."
"629",629,"（关丹23日讯）一旦东海岸铁路计划被搁置，关丹深水港将沦为“英雄无用武之地”。 关丹中华文化剧艺协会主席拿督罗英铭表示希望，东海岸铁路计划能够继续推行下去，至于工程价格方面则可和中国承建者洽商，以寻求双赢..."
"630",630,"（吉隆坡11日讯）1982年向东学习政策首批留日学生之一的拿督祖基菲里，乐见日本竞标隆新高铁计划，并直言若新干线系统中标，大马人可从中学习良多，包括追求零缺陷。祖基菲里目前是驻扎大马十大日本跨国公司的董事会成..."
"631",631,"（关丹16日讯）希望联盟政府重启东海岸铁路计划的决定，不但能贯通物流枢纽，还可让码头经济活动更加活跃。 较早前，希望联盟政府将东海岸铁路计划搁置，较后在今年4月12日宣布计划重新启动，因为与中国政府协商了一个..."
"632",632,"希盟执政一周年，默迪卡民调中心的最新民意调查随之出炉。 根据调查结果显示，选民最关注的课题依旧是国家经济，紧接着才是种族相关课题。其中63%受访选民表示经济课题才是他们最关心的，其中通货膨胀与生活成本提高....."
"633",633,"（关丹28日讯）马来西亚德教联合总会署理总会长拿督斯里郑明发指出，配合马中建交45年，首相敦马哈迪医生访华期间，签署了3项关键协议，包括重启东铁、大马城计划及加强两国棕油合作，是最佳的协商方式。 “两国针对共..."
"634",634,"（文冬5日讯）东铁复工？ 根据探悉，中国交通建设集团有限公司（CCCC）目前仍在裁退一些员工，因此东海岸铁路计划（ECRL）“复工”之说，并不可靠。 营地严禁外人进入 本报记者今早前往坐落胡姬园的东铁第7部分工程营地....."
"635",635,"（关丹25日讯）外交部长拿督赛夫丁阿都拉说，东海岸铁路计划及沙巴天然气管道计划取消与否仍未有最终定案，因两国仍需一些时间进行谈判。 他说，马中两国政府已同意针对东海岸铁路及沙巴天然气管道计划等进行谈判，而..."
"636",636,"（芙蓉30日讯）对希盟政府撤销隆新高铁计划，有者认为对森州没有太大的冲击影响，但仍有者认为应该延缓两三年后，再恢复推行此项能惠及民生，及带来经济增值效应的庞大计划。 根据初始发展构思，落实高铁计划有助加速..."
"637",637,"（吉隆坡11日讯）首相拿督斯里纳吉说，隆新高铁计划长远来说，有独特的经济概况，可以强化马新两地经济与发展，尤其沿着两国的铁道走廊的效应下，估计超过50年的期间，会为我国额外带来6500亿令吉的国民总收入（GNI），...."
"638",638,"（关丹22日讯）华总会长丹斯里方天兴希望，如果中方考量我国的财务处境而愿意降低东海岸铁路（ECRL）计划的成本，达到符合我国的“可负担条件”的话，政府应积极考虑接受有关的新献议，并重新拟定新合约，让目前已停工..."
"639",639,"（而连突17日讯）而连突中华商会会长拿督林火莉呼吁中央政府继续以“缔造多赢协商格局”，与中国商讨有关被搁置或暂时停工的东海岸衔接铁路计划，让它重新复工！ “尤其是当中国方面已经同意降低整个东铁的施工成本之..."
"640",640,"（吉隆坡21日讯）华总会长丹斯里方天兴希望政府能够进一步厘清，有关外国传媒最近报道指东海岸衔接铁路将“取消”的“最新进展”消息。 他说，根据华总上周在布城首相署办公厅与首相敦马哈迪医生交流时，首相当时表明..."
"641",641,"(关丹15日讯)彭亨州务大臣拿督斯里旺罗斯迪重申，在东铁计划上，州政府及州华社立场坚定一致，一旦中央政府谈判顺利，深信有望复工在即。 他强调，明年财政预算案已证实东铁计划基于造价成本检讨，只是暂时搁置，而非...."
"642",642,"（吉隆坡8日讯）马中总商会总会长陈友信指出，希望联盟执政后，在马中资项目因不同原因受到影响，引起市场不必要担忧和焦虑，并认为西方媒体指展延东海岸铁路计划（ECRL）工程是一带一路倡议的一大败笔，完全是一种断...."
"643",643,"(新加坡5日讯)新加坡副总理兼国家安全统筹部长张志贤和基础建设统筹部长兼交通部长许文远今天下午前往吉隆坡，马新领导人将签署延后新隆高铁工程的协议。 根据马来西亚政府发布的消息，许文远和马来西亚经济事务部长....."
"644",644,"（吉隆坡18日讯）隆新高铁造价成本的争议继续延烧，前首相拿督斯里纳吉质疑，经济事务部长拿督斯里阿兹敏是否在指控新加坡政府隐瞒所谓的“隐藏成本”。 纳吉周三下午在个人面子书专页贴文表示，他对希盟政府指有关工..."
"645",645,"（哥打峇鲁5日讯）工程如火如荼的东海岸铁路计划（ECRL）暂时“脱轨”，参与的本地分包商、供应商及顾问公司合约料损失90亿至180亿令吉，受影响者也包括受聘的2250 名本地专业及技术性员工。 至于为培训3600 名铁路建设与营..."
"646",646,"希盟政府执政以来， 不断有重大宣布，以证明其改革决心，但令我不解的是，政府削减开销所省下的钱，并不是作为开源的本钱，而是继续“援助”人民（尽管有承诺在先）。 政府终止隆新高铁、东铁料也废除、捷运第三路线...."
"647",647,"（哥打峇鲁18日讯）敦蓉新市镇象征着吉兰丹首府的新未来，随着希盟中央政府宣布重启东海岸铁路（ECRL）计划，将保留敦蓉新市镇的车站，同时也会是终点站时，无疑为敦蓉新市镇注入了新动力。 东铁的落实，相信有助带动....."
"648",648,"（新山16日讯）外交部长拿督赛夫丁针对马新双边关系指出，马新两国近期已解决两项课题，尚有6项待解决。他透露，未解决的争议课题包括水供协议、海域界限、柔南领空主权、隆新高铁(HSR)计划、柔新捷运系统（RTS）及柔佛...."
"649",649,"（吉隆坡31日讯）政府顾问理事会主席敦达因说，东海岸铁路计划谈判已接近达致最终定案，只剩一些细节需要解决。 即将带领大马代表团前往中国，以促进大马与世界第二大经济体及大马最大贸易伙伴关系的达因说，中国团队..."
"650",650,"（文冬13日讯）马华前任文冬区国会议员拿督斯里廖中莱呼吁彭亨州人民继续争取前朝政府推动的东海岸铁路计划（ECRL），尤其是文冬正处于“黄金十年旺文冬”阶段，东铁计划对文冬非常关键和重要，希盟政府不应取消有利于..."
"651",651,"（八打灵再也5日讯）东海岸铁路计划只是暂时停工，最终会持续，惟停工期限持续多久，胥视东铁总承包商中国交通建设何时接受大马开出的条件。 据《星报》引述一项消息报道，大马只是暂时喊停东铁工程，无意搁置或撤销...."
"652",652,"（吉隆坡30日讯）意大利政治动荡，中美贸易战又再紧张，导致亚洲爆发小股灾，跌幅介于0.5%至超过2%。 再加上大马国内政策不明朗因素，隆新高铁项目被腰斩，导致马股在早盘重挫，也是亚股跌幅之最。 截至中午12点半休市，..."
"653",653,"（马六甲30日讯）隆新高铁公司收集民意，明日是最后一天，甲州迄今总共有5000多人提出建议。这项民意收集是去年11月1日开始至今年1月31日，在全国14个地点公开展示。甲州是设在马六甲广场二楼的汉都亚再也市议会办事处，...."
"654",654,"嘉登（GADANG，9261，主板建筑组）的股价，在今年4月受到东海岸铁路计划（ECRL）等大型工程复工的刺激，从70仙以下一度上涨到最高96仙。 该股在5月大部分时间都在80仙左右徘徊，直到月底公司私下配售定价后恢复勇态，并以86....."
"655",655,"（吉隆坡27日讯）外交部长拿督赛夫丁说，东海岸铁路计划成功再谈判和达致协议，显示大马和中国的相互理解和文明的共识。 “这令人难以相信，一个大国愿意和一个小国再谈判和达致协议。这不限于贸易和商业，而是一种理..."
"656",656,"（吉隆坡17日讯）随着东海岸铁路计划复工在即，马中友好关系进一步加强，或将刺激我国旅游业，连带推高零售业今年增长。 马来西亚连锁协会（MRCA）会长拿督斯里蔡家胜说，旅游业能对国家经济各层面带来显著的及时连锁....."
"657",657,"一条铁路，一纸合约，掀起两国政经风云？ 希盟政府上台后的第一个大动作，即对多项大型外资合作项目喊停，涉及投资数额是惊人的逾千亿令吉，各种猜测与分析纷沓而至，尤其中资参与的重要基建项目，顿时被卷入前朝政....."
"658",658,"(文冬12日讯) 要想富，先修路！政治归政治，文冬地方华社领袖呼吁政治人物不要因为斗争而耽误小埠的经济发展，放弃得来不易的东铁工程。 希望联盟兼土著团结党名誉主席敦马哈迪医生说，一旦在第14届大选赢得执政权，希...."
"659",659,"（哥打峇鲁24日讯）马中总商会吉兰丹州分会会长拿督陈春华说，经济放缓是目前最大的挑战，但却带来更多商机，尤其是马中目前正处于关系最佳时刻。 他指出，首相敦马哈迪医生自第2次任相以来，积极与中国进行谈判，务....."
"660",660,"（布城10日讯）马哈迪说，政府须取得及过目相关文件后，才能针对中国被指提出纾困一个马来西亚发展有限公司（1MDB）基金，以获得前朝国阵政府回报由中资企业承建东海岸铁路计划及沙巴天然气输送项目的报道，采取行动。..."
"661",661,"新时代马中关系（第四篇） 大工程该不该停，始终只有官方说词和莫衷一是的民间议论，“不平等条约”究竟有多不平等？ 这是涉及两国政府所签署的合约，并非一般的私人商企交易，签约双方一日没达致协议，承接和参与项...."
"662",662,"（吉隆坡7日讯）我国将建议与新加坡交通部，针对隆新高铁计划展开另一项正式会谈。 经济事务部长拿督斯里阿兹敏阿里今天在国会走廊对记者说，他将建议8月召开正式会谈，确实日期容后敲定。 他也澄清，他并没有会见新....."
"663",663,"（吉隆坡27日讯）拉曼大学（优大）商业金融系助理教授欧阳慧妮博士说，东海岸铁路计划、捷运第三路线（MRT3）及隆新高铁项目的高昂建筑成本，虽或加重政府的财务负担，但新政府应从经济潜力和长远的社会经济利益，继续..."
"664",664,NA
"665",665,"（吉隆坡19日讯）取消或延后捷运第三路线及隆新高铁计划等大型基建工程，会影响本地建筑业的增长，却能纾缓建筑业严缺劳工、重型机械及建材等方面的压力。 大马建筑商协会（MBAM）主席符绩理说，政府分阶段进行大型工....."
"666",666,"（吉隆坡3日讯）华总中委会以10大理由通过议决，吁请政府把拟议中的隆新高铁计划交由中国负责承建落实，以进一步加速和利惠大马、新加坡及中国的友好邦交关系。华总会长丹斯里方天兴说，华总将向政府或首相拿督斯里纳..."
"667",667,"UEM阳光（UEMS，5148，主板产业股）宣布，知名的跨国工程咨询公司、加拿大SNC-兰万灵旗下的Atkins，在努沙再也门户（Gerbang Nusajaya）的公共交通导向发展（TOD）地段的规划竞赛中获奖。 根据文告，努沙再也门户的TOD地段是围绕着...."
"668",668,"（芙蓉27日讯）东铁开入日叻务和知知港，惟土地主权的限制，局限了日叻务县的经济发展！由于日叻务县的土地，大部分是马来保留地，只有在古打灵至知知港及双溪文都，才有永久地契的地段可以自由买卖，但比例不多。政...."
"669",669,"（布城16日讯）经济事务部长拿督斯里阿兹敏阿里说，中美贸易战及全球油价上涨风险，打击全球贸易与经济增长，大马将专注于鼓励私人领域投资及通过东海岸铁路、大马城等国内大型项目吸引更多投资，刺激国内经济活动。...."
"670",670,"（吉隆坡13日讯）外交部长拿督赛夫丁指出，只要符合原则及遵从法治，马来西亚将坚守与中国或任何国家达至的国际协议。 他指出，当首相敦马哈迪医生为首的代表团于4月赴中国出席“一带一路”峰会时，他国代表都好奇大....."
"671",671,"（吉隆坡16日讯）环境局尚未从中央政府获得东海岸铁路新路线的环境影响评估报告。 环境局总监拿督阿末卡马鲁纳祖说，当局没设提呈报告的最后期限。 他今天出席2019/2020年“首相大红花奖”推介礼后，这么说。该推介礼由....."
"672",672,"（芙蓉11日讯）交通部长陆兆福透露，据他了解，经济事务部长拿督斯里阿兹敏今天中午会见新加坡政府代表商讨隆新高铁计划。 不过，他说，目前还未接获任何有关会谈的结果，相信阿兹敏将在下周向内阁汇报此事。 “据我....."
"673",673,"（新加坡31日讯）外交部长赛夫丁阿都拉指出，展延隆新高铁计划及重新研究1962年马新水供合约，并没有影响马来西亚和新加坡之间的双边良好关系。 他说，两国政府关注高铁及水供合约课题，仍可以就马新水供协定讨论与检....."
"674",674,"新加坡《海峡时报》报道，大马内阁与政府顾问理事会出现权力重叠，以致引发希盟政府究竟谁说了算的疑虑。 日前，该报在另一则新闻中揭露，政府顾问理事会主席达因以特使身分访问中国时，反贪会突击东铁和油气管工程....."
"675",675,"（新加坡9日讯）新加坡基础建设统筹部长兼交通部长许文远直言，为了大马自己好，他们应该尽早针对隆新高铁计划阐明立场，因为新加坡持续耗费的开销将纳入赔偿总额。 为筹建隆新高铁计划，许文远今日中午在国会上透露...."
"676",676,"（吉隆坡4日讯）隆新高铁沿线7大地区料将被打造成7大城市，但城市规划专家指出，涉及地区的地方政府须先做好良好规划、吸引投资，鉴定日后扮演的角色及突显本身特色，才能达标。 隆新高铁2026年杪完成及通车后，沿途7个..."
"677",677,"（巴生3日讯）巴生港务局主席欧阳捍华说，政府去年重新检讨前朝政府与中国有关单位签署的不平等项目合约后，宣布重启东铁和大马城计划这两项计划，是大马经济重要强心剂，对我国经济发展有正面影响。 “东铁复工，至...."
"678",678,"（吉隆坡28日讯）马来西亚华人行业社团总会总会长林金宋说，希望政府能推行更有效及更稳定的政策，营造更亲商的环境，恢复有利经济发展的项目。 “我们对东铁、大马城的复工乐见其成，并希望马新高铁也能尽快复工；同..."
"679",679,"（文冬11日讯）正当大部分人民与商家极力争取保留东铁的当儿，大马生态组织（PEKA）联合其他11个组织，在文冬冷当区发表“向东铁说不”声明，要求东铁计划全面停止。 该组织主席潘斯里莎丽花说，有关计划毁坏生态与环境..."
"680",680,"（新加坡7日讯）马来西亚首相敦马哈迪医生表明有意搁置与新加坡的隆新高铁计划，令这项计划笼罩在许多不确定因素之中。新加坡多名议员后天将在国会询问交通部长、财政部长和发展部长，计划变动将如何影响新加坡。 根...."
"681",681,"（吉隆坡26日讯）首相敦马哈迪医生形容，耗资550亿令吉的东海岸铁路出现“奇怪”安排，大马政府借贷的相关款项却存放海外，他怀疑针对东铁贷款是否用来缴付一个马来西亚发展有限公司（1MDB）债务及收购公司。 他说，大....."
"682",682,"搁置数项大型外资项目或重新谈判后的成果，目前依然是政经热门议题。 大马亚洲策略与领导研究机构（ASLI）公共政策主席丹斯里拉蒙认为，史上少有的搁置大型外资工程不会影响我国在国际上的投资信誉，因为这是主权国家...."
"683",683,"（关丹7日讯）彭亨五金机械商公会会长拿督刘春今日针对停工已久的东海岸衔接铁路（东铁）计划，表示希望能够在首相这一次访问中国之前，或访华期间达到最终协议，为我们捎来复工的好消息。 他表示，身为人民和站在国...."
"684",684,"东铁协商"
"685",685,"（吉隆坡15日讯）财政部长林冠英指出，政府仍未决定东铁计划的未来方向，包括是否继续落实，一切胥视正在展开的谈判所取得的成果而定。 他指出，雪兰莪州政府反对东铁计划，因为由鹅麦往巴生港口的铁路线路，将影响雪..."
"686",686,"希盟政府上台后，中国在马的项目也成了焦点。 当首相敦马哈迪和财长林冠英陆续对外公布东海岸铁路和天然气管道项目之后，中企在马的项目也被大事报道。 随着这些报道浮出水面，马来西亚网民也开始热烈讨论，讨论当中...."
"687",687,"（劳勿19日讯）东海岸铁路为本地带来就业机会，三大民族年轻人共同参与铁路工程项目。 在文冬站，目前有员工126名，其中包括管理人员35名、司机57名、现场技术人员18名、后勤保洁等服务人员16名，文冬人76名，占总人数60%....."
"688",688,"（槟城14日讯）民政党槟州主席胡栋强指出，槟州交通大蓝图的所有发展项目，必须在中央政府拨款下落实，而不是进行槟岛南部填海计划。“我国的任何公共交通建设都..."
"689",689,"目标价：1.18令吉 最新进展 WCT控股（WCT，9679，主板建筑股）2019财年首季净利，按年增8.8%至4032万3000令吉，或每股2.92仙。 胜于上财年同季的3706万2000令吉，或每股2.62仙。 截至3月底首季营业额报5亿1464万9000令吉，年跌4.66%。 行家..."
"690",690,"阿兹敏：终止 （吉隆坡26日讯）经济事务部长拿督斯里阿兹敏证实，政府在两天前内阁会议中决定，终止与中国交通建设股份有限公司（CCCC）签署的东海岸铁路计划（ECRL）合约。 他说，在重新检讨有关计划成本，发现成本过高..."
"691",691,"（文丁22日讯）交通部长陆兆福指出，尽管东海岸铁路计划（ECRL）取消，东海岸的火车服务并不会因此受忽略，政府依然会加强东海岸原有轨道与服务及当地的交通枢纽，为人民提供交通便利。 他透露，东铁计划主要是成本费....."
"692",692,"（吉隆坡17日讯）马大学经济与行政学院政治经济学家哥梅茲指出，中资课题应着眼长远顾及大局，不能“一叶障目、不见森林”。 他说，东海岸铁路等备受争议的中资项目，仅是中资在大马的部分计划，尚有许多中国民营企业..."
"693",693,"（槟城9日讯）槟州首席部长曹观友批评前首相拿督斯里纳吉，比较槟城第一泛岛大道及东海岸铁道的造价，就如以苹果及橙不同对比的东西比较。 曹观友说，高速公路与铁道不能相提并论，因这两项的基础设施截然不同，而公...."
"694",694,"（关丹11日讯）随着大马铁道衔接公司（MRL）向东铁发出停工令后，中国交建马来西亚东海岸铁路项目公司全面配合财政部的有关指示，关丹县的承包商也积极遵守规定，即时停工。 记者今天走访东海岸多个东铁工地，包括坐落..."
"695",695,"（八打灵再也19日讯）知名经济评论员兼基金经理潘力克指出，在兴建隆新高铁或时速达200公里的高速铁路前，政府应优先提升ETS路线的普及性与便利性，避免未来出现规划失当的问题。 他指出，暂且不谈是否延长至新加坡，如..."
"696",696,"（吉隆坡3日讯）马来西亚高铁机构（MyHSR Corp）指出，隆新高铁项目逾40%的工程，将通过公开招标方式交由本地符合资格的土著承包商负责。 据《新海峡时报》报道，隶属财政部管辖的大马高铁机构迄今未透露隆新高铁项目的建..."
"697",697,"吉兰丹州议会（哥打峇鲁17日讯）吉兰丹州政府要求将东海岸铁路计划（ECRL）的杜峇里站改为客运及货运站，以充分发展当地经济。吉兰丹州工业..."
"698",698,"（关丹5日讯）关丹中华总商会会长拿督曾玟祯建议，政府不如将取消东海岸铁路工程的赔偿金，作为缩短东铁工程的经费，先建由关丹港口至巴生的路线，待国家经济好转时，才继续完成整条路线。 他说，东海岸较为落后，建...."
"699",699,"（吉隆坡27日讯）马来西亚深圳总商会总会长拿督斯里李锦贤说，首相敦马哈迪医生此次访华取得亮丽的成果，可谓是马中迈进新篇章，两国关系兼发展应获得正面看待。 他昨晚为“马来西亚深圳总商会成立大会暨首届理事会宣..."
"700",700,"（劳勿27日讯）马华劳勿区会主席丹斯里林锦胜强调，东铁可以完善化东海岸物流网络，抬高这个区域的经济竞争能力，如今，不幸被中途割爱，对东海岸人民完全不公平。 他说，投票支持或不支持希盟的东海岸选民，都不会赞..."
"701",701,"希望联盟改朝换代把国阵推下台后，几乎全面检视前朝“贪腐政权”的所有大型工程计划，以从中捉出贪污敛财的痕迹。 首相马哈迪医生曾拜相22年，亦是超级工程计划的推手，对那些图谋通过推展大型工程计划贪污自肥的种种..."
"702",702,"（吉隆坡7日讯）马来西亚建筑材料代理商公会会长李文彪说，东海岸铁路计划（ECRL）合约总值667亿8000万令吉，预料20至30%是建筑材料，包括混凝土及混凝土产品。 他指出，大马建材代理商联合会会员当中，并不是太多会员有机..."
"703",703,"（吉隆坡27日讯）T7全球（T7GLOBAL，7228，主板贸服股）强调，富豪丹斯里陈志远脱售股权，不会影响财务表现。 T7全球今天发文告称，乐见新政府同意重新洽商东海岸铁路成本，不过至今，该公司还未获得任何相关项目的工程合....."
"704",704,"（吉隆坡20日讯）首相拿督斯里纳吉指出，政府落实多项振兴经济的计划是为提高人民生活水平，不像反对党为了政治议程，不惜取消这些计划。 他指这些振兴经济计划是东铁、隆新高铁、泛婆罗洲大道、捷运、边佳兰炼油及石..."
"705",705,"（哥打峇鲁26日讯）东海岸铁路计划（ECRL）已完成13%工程，吉兰丹州的征地进展，尚有待吉兰丹州政府宪报上颁布土地征用法令（第8条文），以让大马铁路衔接私人有限公司（MRL）展开征地工程。 大马铁路衔接私人有限公司技...."
"706",706,"（新山22日讯）世华媒体集团执行董事张聪表示，随着依斯干达特区的发展，依布拉欣国际商务区发展计划的推行，以及柔新捷运系统和隆新高铁，都为柔南区经济发展提供了最佳..."
"707",707,"第二届“一带一路”国际合作高峰论坛圆满落幕，新华社有感而发，指“一粒源自中国的种子，正在世界各地生根发芽、开花结果。”是的，论坛的闭幕式，“皆大欢喜”是可以感受得到的现场气氛；欢喜的，当然也包括马来西..."
"708",708,"马来西亚新政府希望联盟2018年5月上台执政后，马新关系忽然之间“停滞不前”。除了一些跨国大型工程如隆新高铁被检讨而延后外，马新地铁工程也被要求推迟。 新政府执政下也衍生新问题。 如大士海界发生纠纷。使原本平....."
"709",709,"大马5·09大选希望联盟“意外”上台执政后，二度出任首相的马哈迪医生曾多次说要终止隆新高铁工程建设。由于他在不同场合表达不同的说法，一度让新加坡无所适从，不知大马政府对高铁的真正决定。9月5日，随着马新政府....."
"710",710,"（新加坡15日讯）随着经济事务部长拿督斯里阿兹敏阿里于上周六和新加坡基础设施统筹部长兼交通部长许文远“启动”隆新高铁发展项目的正式会谈后，此发展项目的后续讨论，将在数周内继续进行。 据新加坡《海峡时报》报..."
"711",711,"（新加坡20日讯）新加坡认为大马在隆新高铁项目上作出多次且相互矛盾的陈述，该国交通部已通过外交渠道，要求大马于本月31日前，通过书面回复阐明我国对隆新高铁项目的立场。 根据《联合早报》，新加坡交通部发言人今...."
"712",712,"（吉隆坡19日讯）马哈迪说，我国政府将与新加坡商讨展延隆新高铁计划。 他说，基于我国目前的财务状况，我国认为目前不能进行上述计划。 马哈迪说，高铁计划可能会在降低一些成本的情况下延迟进行。 他说，如果单方面...."
"713",713,"（新山17日讯）新山市长安然表示，新山市政局今年取得1亿5000万令吉拨款预算，作为辖区内超过百项工程建设的开销，这些计划都将照跑。 他说，新政府推出新政，间中频频传出一些工程“腰斩”的流言，但该市政局未接获新...."
"714",714,"（双溪龙16日讯）政府顾问理事会主席敦达因明日赴中国，商讨被政府指示停工的东海岸铁路计划（ECRL）。 中国驻马大使白天说：“敦达因应该是明天去中国吧，相信此行双方可以找到一个双赢方案。” 询及首相敦马哈迪医生8..."
"715",715,"（吉隆坡9日讯）随着政府宣布东海岸铁路计划（ECRL）及苏利亚策略能源有限公司（SSER）执行的两项油气业工程全面喊停，马中关系或生变的言论四起，外界充满疑虑：“马中关系变了吗？” 北京大学国家发展研究院经济学教....."
"716",716,"（瓜拉登嘉楼29日讯）重启东海岸三州中总交流会，促进东铁复工后商机！ 登嘉楼中华总商会会长拿督刘保章指出，该会将配合彭亨及吉兰丹中总重新启动停顿己久的东海岸三州交流会。 他说，此举的目的是为了有效促进更多....."
"717",717,"（八打灵再也22日讯）雪兰莪报关与物流公会主席拿督谢汉廷指政府取消东海岸铁路计划的决定，不会对本地物流业者造成显著影响，因目前由火车运至关丹港口的货物比重不高，同时可使用罗里等其他运输工具。 他针对东铁计..."
"718",718,"希盟政府一上台，的确带来一番新气象！ 尽管距离509大选不到两个月，新的政府可谓雷厉风行，效率显著。打贪腐、中止大型计划如""东铁""和隆新高铁，也匡正了司法系统，承诺言论与新闻自由，把涉贪以及臃肿的冗员的高官体..."
"719",719,"（瓜拉登嘉楼6日讯）尽管东海岸铁路工程（ECRL）喊停，但接近完工的工地会继续处理现阶段的收尾工作，无论外劳或本地员工今日照常上班，一来看守工地上的机械，二来是完成手尾，再静待复工消息的到来。 不少临建工地还..."
"720",720,"（吉隆坡5日讯）东海岸铁路计划（ECRL）喊停及政府有意降低造价，分析员估计，本地分包商的合约规模，将会缩减51%至63%，金额则跌到90亿至180亿令吉。 昨日，东海岸铁路总承包商中国交建，证实接获东铁暂时停工的通知，并...."
"721",721,"（万捷8日讯）巫统万捷区部主席拿督阿旺阿迪认为，若人民在第14届全国大选支持反对党，以致东海岸铁路计划中止，人民将面对损失。 他说，上述东铁对吉兰丹人民非常重要，有助带动丹州及人民的经济。 他说，反对党建议...."
"722",722,"（吉隆坡21日讯）日前获颁总值2.7亿令吉东海岸铁路合约的拉法基马（LAFMSIA，3794，主板工业产业股），分析员看好该公司最快能在今年转亏为盈。 安联星展研究分析员指出，拉法基马股价月初至今已跌近15%。 该行将投资评级上..."
"723",723,"（吉隆坡8日讯）中国驻马大使馆公使衔参赞陈辰表示，目前中方企业正在积极竞标隆新高铁项目，中国也希望能够竞标成功，并对中国高铁技术充满信心。 “隆新高铁项目，我们一定会全力争取。” 陈辰今晚在马中企业家联合..."
"724",724,"东铁重担"
"725",725,"（关丹23日讯）彭亨州政府呼吁中央政府，重新考虑取消东海岸铁路（ECRL）计划的决定，避免州民失去就业机会。 彭亨州务大臣拿督斯里旺罗斯迪说，东铁的初期工程已展开，取消这计划将导致彭亨、登嘉楼和吉兰丹3 个州属蒙..."
"726",726,"（吉隆坡6日讯）经济事务部长拿督斯里阿兹敏透露，马新两国将在本月内，针对隆新高铁项目（HSR）举行双边会谈。 他今日在国会走廊受访时表示，自己于昨日趁着前往新加坡探访留院就医的内政部长丹斯里慕尤丁之际，会晤...."
"727",727,"（吉隆坡6日讯）经济事务部长拿督斯里阿兹敏透露，马新两国将在本月内，针对隆新高铁项目（HSR）举行双边会谈。 他今日在国会走廊受访时表示，自己于昨日趁着前往新加坡探访留院就医的内政部长丹斯里慕尤丁之际，会晤...."
"728",728,"马哈迪领导的希望联盟上台执政，先后宣布暂缓隆新高铁及东海岸铁路计划等大型发展。接二连三喊停前朝政府所推动的大型计划，不单可能影响国内的经济发展，也可能冲击外来投资者的信心，造成外资长期驻足不前的隐患；..."
"729",729,"（新山23日讯）新山中华总商会会长刘国胜指出，本届大选过后可看到很多新闻，有好有坏，较令商界关注的有国内数项大型发展计划是否将延续，以便让人民有工作做，有钱可花。 他说，新政府议决，前朝政府推行的敦拉萨国..."
"730",730,"（布城7日讯）新加坡副总理张志贤坦言，大马与新加坡针对隆新高铁达致协议是一个正面的结果，否则这个大课题将可能成为两国关系的肉中刺。 他指出，新加坡了解到，大马需要一点时间考虑此事。 “我们已成功达致协议，..."
"731",731,"（百乐25日讯）彭亨篮球公会会长拿督林火莉表示，站在东海岸人民的视角和立场上，对政府宣布取消东海岸衔接铁路的计划感到可惜，同时希望政府能够检讨这项决定。 “我们并不反对，也赞成和支持政府针对东铁计划被形容..."
"732",732,"（文冬20日讯）马华总会长拿督斯里廖中莱指出，希望联盟名誉主席敦马哈迪医生说如果希盟执政，就要取消东铁及检讨所有中国在大马的投资，这等于是“送走财神爷”。 他说，这会是打击大马经济，后果非常严重的做法。 ....."
"733",733,"（关丹8日讯）马中总商会（彭亨分会）会长拿督赵毓庭指出，马来西亚是一个投资的好地方，政府为关丹产业园开出的投资优惠条件很有吸引力，其中包括15年公司企业税全免。 “中国到马来西亚投资计划有三个主要点；（一....."
"734",734,"（关丹28日讯）外交部长拿督赛夫丁阿都拉说，首相敦马哈迪医生下月访问中国，东海岸铁路计划将是其中一个讨论重点。 他说，马哈迪此行也将讨论前朝政府与中国签订的协议。 “这不意味着我们要中止，而是我们希望探讨....."
"735",735,"（新山19日讯）柔佛州务大臣拿督奥斯曼指出，他已致函首相敦马哈迪医生，希望下周能与首相会面，商讨有关隆新高铁计划展延及白礁岛主权课题。 他说，他在之前的一些公开场合也曾私下向首相要求会面，不久前他发出公函..."
"736",736,"（吉隆坡18日讯）大马投资发展局副总执行长阿汉阿都拉曼说，随着东海岸铁路计划的兴建、重大发展项目如全球首个登嘉楼硅石谷（TSV）及首个文化和创意共生发展的登嘉楼科技枢纽（TTH）的推动下，登州放眼未来数年成为先...."
